j007akeh,1720587416106.jpg,,33.899788257249,133.19077068611,,
j007akeh,1720587416106.jpg_original,,,,,
j007akeh,1720587416953.jpg,,33.899788257249,133.19077068611,,
j007akeh,1720587416953.jpg_original,,,,,
j007akeh,173856.jpg,,33.899756805494,133.19077935943,,
j007akeh,173856.jpg_original,,,,,
j007akeh,173857.jpg,,33.899756805494,133.19077935943,,
j007akeh,173857.jpg_original,,,,,
j007akeh,175380.jpg,,33.818468937586,132.8051637739,,
j007akeh,175380.jpg_original,,,,,
j007akeh,175381.jpg,,33.686556400731,132.6354815,,
j007akeh,175381.jpg_original,,,,,
j007akeh,175382.jpg,,33.667702211451,132.60159518861,,
j007akeh,175382.jpg_original,,,,,
j007akeh,175384.jpg,,33.840393516374,132.77291245767,,
j007akeh,175384.jpg_original,,,,,
j007akeh,175385.jpg,,33.560598753958,133.53578679347,,
j007akeh,175385.jpg_original,,,,,
j007akeh,175386.jpg,,33.897360451306,132.84181591458,,
j007akeh,175386.jpg_original,,,,,
j007akeh,175387.jpg,,33.851431318332,132.75889952008,,
j007akeh,175387.jpg_original,,,,,
j007akeh,175388.jpg,,33.281156813417,131.15863477885,,
j007akeh,175388.jpg_original,,,,,
j007akeh,175389.jpg,,33.565587853819,130.44146201893,,
j007akeh,175389.jpg_original,,,,,
j016arak,USS.jpg,2019:10:29 16:49:55,1.25426,103.82387,0,ユニバーサルスタジオシンガポール．日本より規模は小さいが楽しい．
j016arak,USS.jpg_original,2019:10:29 16:49:55,,,0,
j016arak,ehime-u.jpg,2024:03:29 11:05:06,33.85267,132.77435,,愛媛大学
j016arak,ehime-u.jpg_original,2024:03:29 11:05:06,,,,
j016arak,itami.jpg,2023:11:18 09:43:39,34.79154,135.44108,,伊丹空港．
j016arak,itami.jpg_original,2023:11:18 09:43:39,,,,
j016arak,kure.jpg,2024:04:05 11:53:53,34.24032,132.55599,, 呉の港．ここから松山観光港までフェリーを利用している．
j016arak,kure.jpg_original,2024:04:05 11:53:53,,,,
j016arak,matsuyama.jpg,2023:03:28 12:37:30,33.84584,132.76556,,松山城．
j016arak,matsuyama.jpg_original,2023:03:28 12:37:30,,,,
j016arak,miyajima.jpg,2024:01:03 10:18:30,34.29684,132.32006,,厳島神社の大鳥居．
j016arak,miyajima.jpg_original,2024:01:03 10:18:30,,,,
j016arak,onomiti.jpg,2024:01:01 08:55:22,34.41192,133.21053,,尾道の浄土寺．
j016arak,onomiti.jpg_original,2024:01:01 08:55:22,,,,
j016arak,sanshain.jpg,2023:08:25 15:10:42,35.72909,139.72018,,サンシャイン水族館．
j016arak,sanshain.jpg_original,2023:08:25 15:10:42,,,,
j016arak,shimanami.jpg,2022:03:12 09:56:00,34.10057,132.97875,0,
j016arak,shimanami.jpg_original,2022:03:12 09:56:00,,,0,
j016arak,shinga.jpg,2019:10:28 20:22:46,1.28952,103.8631,0,シンガポールフライヤー．乗るなら夜がおすすめ．
j016arak,shinga.jpg_original,2019:10:28 20:22:46,,,0,
j016arak,shinga_suizoku.jpg,2019:10:29 10:16:18,1.2585,103.82054,0,S.E.A.Aquarium．中国語の説明が地味にわかりやすい．
j016arak,shinga_suizoku.jpg_original,2019:10:29 10:16:18,,,0,
j016arak,shuhodou.jpg,2021:04:29 10:18:38,,,0,秋芳洞．小学校の修学旅行先．
j016arak,taiyou.jpg,2023:11:19 10:19:41,34.80956,135.53236,,太陽の塔．
j016arak,taiyou.jpg_original,2023:11:19 10:19:41,,,,
j016arak,utiko.jpg,2023:07:02 10:48:29,33.54935,132.64619,,内子駅．
j016arak,utiko.jpg_original,2023:07:02 10:48:29,,,,
j018igam,Marinabay.jpg,2024:03:10 19:26:00,1.28379,103.85912,, マリーナベイサンズ
j018igam,hamamatsujou.jpg,2023:09:11 15:17:00,34.71178,137.7249,, 浜松城
j018igam,inasanohama.jpg,2023:03:03 13:43:00,35.400323,132.672442,, 稲佐の浜
j018igam,izumousagi.jpg,2023:03:03 10:29:00,35.399699,132.685709,, 出雲大社の中に一つだけあるたれ耳のうさぎの銅像
j018igam,matsumotojou.jpg,2023:09:10 14:51:00,36.23865,137.97005,, 松本城
j018igam,matsuyamajou.jpg,2024:04:20 11:24:00,33.84493,132.76612,, 松山城とさくら
j018igam,merlion.jpg,2024:03:08 17:44:00,1.286772,103.854507,, マーライオン
j018igam,ramen.jpg,2024:03:13 13:44:00,35.007352,135.769286,, ラーメン大戦争というお店のラーメン
j018igam,sawayaka.jpg,2023:09:11 16:29:00,34.70374,137.73313,, さわやかのげんこつハンバーグ
j018igam,shidaresakura.jpg,2024:03:05 13:11:00,34.950669,135.746858,, 城南宮のしだれ桜と梅まつり
j018igam,sutaba.jpg,2023:09:09 08:28:00,35.17223,136.88238,, 日本一高い場所にあるスタバ。地上15階。
j018igam,suwako.jpg,2023:09:10 10:51:00,36.053363,138.122658,, 立石公園から見る諏訪湖
j018igam,umedukuri.jpg,2023:09:19 10:39:00,35.318628,139.54958,, 鎌倉にある蝶矢の梅酒作り体験。京都との二ヵ所しかない。
j023ishi,fukuyama_castle.jpg,,34.49086,133.36108,,駅から最も近いお城です
j023ishi,fukuyama_castle.jpg_original,,,,,
j023ishi,hokkaido.jpg,,43.42037,142.47717,,ファーム富田の花畑
j023ishi,hokkaido.jpg_original,,,,,
j023ishi,koube.jpg,,34.68773,135.18676,,神戸を代表する中華街
j023ishi,koube.jpg_original,,,,,
j023ishi,kurasiki.jpg,,34.51159,133.77746,,ミステリという勿れの映画撮影にも使用された
j023ishi,kurasiki.jpg_original,,,,,
j023ishi,mion.jpg,,,,,風早邸海音という宿泊施設
j023ishi,mituhamakou.jpg,,33.86504,1314.4166666667,,三津浜の港
j023ishi,mituhamakou.jpg_original,,,,,
j023ishi,syoutenngai.jpg,,34.48678,133.36477,,福山市の商店街
j023ishi,syoutenngai.jpg_original,,,,,
j023ishi,teirekinoyu.jpg,,33.78086,132.81878,,南道後にある温泉
j023ishi,teirekinoyu.jpg_original,,,,,
j023ishi,usitorajinnja.jpg,,,,,日本で一番の開運スポットだとか
j023ishi,wasyuuzan.jpg,,,,,倉敷の夜景スポット
j024ishi,USJ.jpg,,34.665607699996,135.4321475,,USJ
j024ishi,a.jpg,,33.840533499975,132.7707789,,お酒
j024ishi,bike.jpg,,33.84893,132.77057,,交通事故後の自転車
j024ishi,guriko.jpg,,34.665607699996,135.4321475,,大阪
j024ishi,houryuuji.jpg,,34.665607699996,135.4321475,,法隆寺
j024ishi,kaiyukan.jpg,,34.665607699996,135.4321475,,海遊館
j024ishi,nanba.jpg,,34.665607699996,135.4321475,,大阪
j024ishi,osaka.jpg,,34.665607699996,135.4321475,,大阪
j024ishi,osakaeki.jpg,,34.665607699996,135.4321475,,大阪駅
j024ishi,room.jpg,,33.84893,132.77057,,部屋
j024ishi,tennoujieki.jpg,,34.665607699996,135.4321475,,天王寺駅
j024ishi,togetukyou.jpg,,34.665607699996,135.4321475,,渡月橋
j024ishi,tokushimaeki.jpg,,34.665607699996,135.4321475,,徳島駅
j033issh,ASAKUSA.jpg,,35.71472,139.79669,,人がいっぱい浅草寺
j033issh,HIMEZI_castel.jpg,,34.83909,134.69346,,日本の名城姫路城
j033issh,HUWARI.jpg,2024:02:13 13:18:00,33.99631,132.7717,1.5,海キレイでおいしー
j033issh,SA.jpg,,34.25978,134.68545,,淡路SA下り日の出きれい
j033issh,SB.jpg,,33.85041,132.78505,,道後スタバ
j033issh,SeoulTower.jpg,,37.55131,126.98826,,韓国夜景最強
j033issh,TDL_BeautyandtheBeast.jpg,,35.63137,139.87819,,アトラクションだけじゃなく城も良き
j033issh,USJ_HP.jpg,,34.66749,135.43148,,USJハリポタエリア
j033issh,USJ_pizza.jpg,,34.66425,135.43306,,ここ人気でおいしい
j033issh,tokyo_station.jpg,,35.68179,139.76405,,レンガがきれい東京駅
j033issh,パンケーキ.jpg,,33.83594,132.76712,,重ねるほどおいしい
j039ito,aburasoba.jpg,,33.8391,132.77008,,大街道にある油そば屋
j039ito,aquarium.jpg,,34.31254,133.80792,,四国中央水族館
j039ito,arashiyama.jpg,,35.01868,135.6742,,京都の竹林
j039ito,butaichi.jpg,,33.83952,132.76958,,大街道の二郎系ラーメン
j039ito,butamaru.jpg,,34.68563,135.80957,,奈良の高架下の店
j039ito,dam.jpg,,33.87864,132.8388,,石手川ダム
j039ito,denyasu.jpg,,34.40858,133.20273,,尾道の塩ラーメン
j039ito,gensui.jpg,,33.84761,132.76027,,平和通りの中華料理屋
j039ito,hatihei.jpg,,34.01374,132.93836,,今治のラーメン屋
j039ito,hibiki.jpg,,34.40594,133.19617,,個人的に尾道ラーメンの中で最も上手い
j039ito,hyouta.jpg,,33.83839,132.76117,,松山市駅近くのラーメン屋
j039ito,ikki.jpg,,33.83807,132.77217,,深夜までやっているラーメン屋
j039ito,isiduti.jpg,,33.77416,133.11916,,石鎚山
j039ito,itimonya.jpg,,33.83904,132.77001,,大街道の家系ラーメン屋
j039ito,kaneoka.jpg,,33.8526,132.76155,,ラーメンは飲み物
j039ito,kiyomizu.jpg,,34.99464,135.78551,,清水寺
j039ito,mannoh.jpg,,34.16356,133.88721,,まんのう公園のイルミネーション
j039ito,marugen.jpg,,33.85442,132.7506,,肉そばが美味いラーメン屋
j039ito,matuyamajou.jpg,,33.84251,132.76439,,松山城の紅葉ライトアップ
j039ito,miyajima.jpg,,34.29629,132.3195,,厳島神社
j039ito,onomichi.JPG,2020:03:13 16:09:55,34.407366888889,133.20191963889,60.721,尾道水道と桜
j039ito,reoma.jpg,,34.21196,133.87908,,香川のレオマワールド
j039ito,riturin.jpg,,34.32969,134.04323,,三月ごろの栗林公園
j039ito,siroyamakoen.jpg,,33.84078,132.76279,,城山の桜
j039ito,soratomori.jpg,,33.81841,132.80476,,温泉施設そらともり
j039ito,syuuhei.jpg,,33.84085,132.77135,,大街道のつけ麺屋
j039ito,taiyousekiyu.jpg,,34.04825,132.86002,,バイクと石油工場
j039ito,taorubijutukan.jpg,,33.97014,133.03334,,今治タオルの美術館
j039ito,tenkaippin.jpg,,33.82177,132.75279,,環状線上のラーメン屋
j039ito,todoroki.jpg,,34.40578,133.1958,,尾道の家系ラーメン屋
j039ito,yonagoeki.jpg,,35.42416,133.33636,,鳥取の駅
j039ito,yumekata.jpg,,33.8481,132.76875,,味の濃い二郎系ラーメン屋
j051imam,abatiki.jpg,2024:03:25 15:48:03,33.594733703278,7.6021506270796,,暴れん坊チキン
j051imam,abatiki.jpg_original,2024:03:25 15:48:03,,,,
j051imam,dagashi.jpg,2024:02:19 14:02:49,34.685136382679,134.14368959395,,日本１の駄菓子屋
j051imam,dagashi.jpg_original,2024:02:19 14:02:49,,,,
j051imam,hukase.jpg,2023:02:16 12:11:15,33.477264200561,132.67038302453,,ふかせ
j051imam,hukase.jpg_original,2023:02:16 12:11:15,,,,
j051imam,myondon.jpg,2023:08:20 19:27:19,37.559848801561,126.97795957517,,明洞
j051imam,myondon.jpg_original,2023:08:20 19:27:19,,,,
j051imam,nankinmati.jpg,,34.688699493911,135.18819617858,,南京町
j051imam,nankinmati.jpg_original,,,,,
j051imam,okinawa.jpg,2023:09:13 15:27:58,27.036856146045,127.94468035692,3.3166320420384,沖縄
j051imam,okinawa.jpg_original,2023:09:13 15:27:58,26.332905555556,127.92393611111,3.3166320420384,
j051imam,sauna.jpg,2024:03:25 22:53:28,35.009812524293,137.03578579415,,サウナイーグル
j051imam,sauna.jpg_original,2024:03:25 22:53:28,,,,
j051imam,taki.jpg,2024:07:03 15:28:09,33.761300431664,132.96939049661,,滝
j051imam,taki.jpg_original,2024:07:03 15:28:09,,,,
j051imam,ushi.jpg,2023:10:15 12:22:21,33.228175251053,132.57269481647,,闘牛場
j051imam,ushi.jpg_original,2023:10:15 12:22:21,,,,
j054irei,haibisukasu.jpg,2021:03:23 11:59:18,26.438636111111,127.77384166667,24.924930402227,道端のハイビスカス
j054irei,hakubamura.jpg,2023:03:17 14:35:34,36.697680555556,137.81559722222,1397.8029490617,ジャーンプッ
j054irei,hirosima.jpg,2023:07:09 13:00:38,34.41075,133.19721944444,135.91811175337,文学のこみち
j054irei,koube.jpg,2022:11:05 10:12:41,,,,いえ〜い
j054irei,nahakoku.jpg,2019:12:10 18:00:33,26.231066666667,127.69312222222,29.248266666667,那覇国際高校〜懐かしっ
j054irei,neko.jpg,2022:11:16 16:22:03,33.848933333333,132.77015555556,31.581247968801,混ざりたい・・
j054irei,niji.jpg,2022:04:30 10:49:40,33.5542,132.65812777778,59.176120587069,初めて見た虹
j054irei,omoromati.jpg,2021:12:09 17:55:52,26.223055555556,127.69893611111,33.385381189416,おもろまち駅
j054irei,purinkouenn.jpg,2019:11:01 18:15:31,26.232994444444,127.69245277778,28.23126142596,ぷりん山公園
j054irei,senaga.jpg,2023:08:23 21:25:28,26.174044444444,127.64194444444,7.9126672975531,瀬長ドライブ〜
j054irei,umi.jpg,2022:08:13 12:21:32,26.364272222222,127.737975,4.5190669532681,読谷の海
j069uno,ebina.JPG,2023:08:12 05:41:21,35.4309,139.40169,,サービスエリア
j069uno,fuji6.jpg,,35.38533,138.74763,,高山病になる前
j069uno,inari.jpg,2023:01:01 15:51:49,34.70963,133.83268,,元日に行くところ
j069uno,kagawasta.jpg,2023:09:01 17:59:47,34.47076,134.10426,,顔みたいな駅
j069uno,mannou.jpg,2023:12:24 18:17:56,34.16549,133.89015,,クリスマスのイルミネーション
j069uno,poke.jpg,2023:08:14 15:06:21,35.77803,140.384338,,ポケモン並んでた
j069uno,suidoubashi.jpg,2023:07:08 10:47:40,35.70193,139.75506,,
j069uno,tamaari.jpg,2023:07:08 18:16:11,35.89411,139.6317,,NOAHnoHAKOBUNE
j069uno,tsuruhashi.jpg,2023:03:19 20:06:08,34.6657,135.53009,,焼き肉がおいしいところ
j069uno,usj.jpg,2023:03:21 13:00:42,34.66806,135.43032,,スーパー・ニンテンドー・ワールド
j070umak,91848.jpg,,33.83912,132.77013,,
j070umak,91848.jpg_original,,,,,
j070umak,91849.jpg,,33.83662,132.72562,,
j070umak,91849.jpg_original,,,,,
j070umak,91850.jpg,,33.87565,132.73424,,
j070umak,91850.jpg_original,,,,,
j070umak,91851.jpg,,33.83967,132.76965,,
j070umak,91851.jpg_original,,,,,
j070umak,91852.jpg,,33.83615,132.76301,,
j070umak,91852.jpg_original,,,,,
j070umak,91853.jpg,,,,,
j070umak,91854.jpg,,33.84229,132.77158,,
j070umak,91854.jpg_original,,,,,
j070umak,91856.jpg,,33.844,132.77123,,
j070umak,91856.jpg_original,,,,,
j071umak,kanazawa.jpg,2024:04:07 09:47:34,36.565846,136.655466,,尾山神社の庭園の写真です。
j071umak,kanazawa1.jpg,,36.57234,136.66642,,箔一の屛風
j071umak,kanazawa2.jpg,,36.572294565288,136.66468402396,,春
j071umak,kanazawa3.jpg,,36.56589077783,136.65538821901,,桜の木
j071umak,kanazawa4.jpg,,36.572118053858,136.66445392667,,春の浅野川
j071umak,kanazawa5.jpg,,36.561028521596,136.65979298712,,くじ引きの順序表です。
j071umak,kanazawa6.jpg,,36.565633931175,136.6555696951,,マイナスイオン
j071umak,kanazawa7.jpg,,36.566194927155,136.65436680917,,国の重要文化財の神門。
j071umak,kanazawa8.jpg,,36.577647197046,136.64947366568,,金沢駅の鼓門です。
j071umak,tyozu.jpg,,36.56136,136.65961,,石浦神社の手水舎です。
j078edam,hiro.JPG,2023:04:30 11:21:26,35.02772,136.72798,26.676870331823,ポケセン広島
j078edam,hiro.JPG_original,2023:04:30 11:21:26,34.395358333333,132.457625,26.676870331823,
j078edam,kana.JPG,2023:09:17 11:52:12,36.56232,136.66264,51.576526688202,車校のために金沢にいきました
j078edam,kana.JPG_original,2023:09:17 11:52:12,36.562930555556,136.66314722222,51.576526688202,
j078edam,kibusati.JPG,2022:08:28 15:00:46,34.9663,137.15222,20.003616325125,
j078edam,kibusati.JPG_original,2022:08:28 15:00:46,34.966247222222,137.15197777778,20.003616325125,
j078edam,kitadake.JPG,2023:08:10 15:59:55,35.67674,138.23791,3186.0092213115,日本2位の山
j078edam,kitadake.JPG_original,2023:08:10 15:59:55,35.674541666667,138.23886111111,3186.0092213115,
j078edam,kyo.JPG,2023:11:04 21:34:55,34.66947,135.47615,5.1513390538836,由伸えぐいて
j078edam,kyo.JPG_original,2023:11:04 21:34:55,34.669219444444,135.47639444444,5.1513390538836,
j078edam,kyoto.JPG,2023:12:24 12:00:55,35.00354,135.75839,50.361961367013,ポケセン京都
j078edam,kyoto.JPG_original,2023:12:24 12:00:55,35.003686111111,135.75840833333,50.361961367013,
j078edam,naga.JPG,2023:09:25 15:57:55,35.02772,136.72798,1.6243251285975,ナガスパ
j078edam,naga.JPG_original,2023:09:25 15:57:55,35.029075,136.73127777778,1.6243251285975,
j078edam,photo1.jpg,2023:11:01 17:24:12,34.72183,135.36121,4.0140151987044,さいこー
j078edam,photo1.jpg_original,2023:11:01 17:24:12,34.720525,135.36097777778,4.0140151987044,
j078edam,sakana.JPG,,34.65499,135.42908,,魚チンアナゴ
j078edam,sakana.JPG_original,,,,,
j078edam,tokai.JPG,,34.9599,137.1673,,虫眼鏡
j078edam,tokai.JPG_original,,,,,
j081enom,1.jpg,,33.99699,132.7723,,道の駅風早で食べたハンバーガーの写真です
j081enom,1.jpg_original,,,,,
j081enom,10.jpg,,34.66576,135.43317,,USJで撮った思い出の写真です
j081enom,10.jpg_original,,,,,
j081enom,2.jpg,,53.52317,246.378,,世界最大級のショッピングモールです
j081enom,2.jpg_original,,,,,
j081enom,3.jpg,,53.53359,246.49332,,とてもおしゃれな建物です
j081enom,3.jpg_original,,,,,
j081enom,4.jpg,,53.54708,246.50296,,アイスホッケーの観戦を楽しみました
j081enom,4.jpg_original,,,,,
j081enom,5.jpg,,53.54506,246.51125,,この場所でたくさんの芸術に触れました
j081enom,5.jpg_original,,,,,
j081enom,6.jpg,,53.53533,246.52268,,たくさんの熱帯植物が見える植物園です
j081enom,6.jpg_original,,,,,
j081enom,7.jpg,,53.54689,246.51134,,博物館で見つけたきれいな石です
j081enom,7.jpg_original,,,,,
j081enom,8.jpg,,53.52623,246.48348,,留学で訪れたカナダの名門大学です
j081enom,8.jpg_original,,,,,
j081enom,9.jpg,,53.60394,247.14477,,エルクの保護区として有名な場所です
j081enom,9.jpg_original,,,,,
j088okoc,cherry_blossom.jpg,,33.509746477246,132.54133365288,, 大洲城
j088okoc,cherry_blossom.jpg_original,,,,,
j088okoc,photo1.jpg_original,,,,,
j088okoc,photo2.jpg,,33.509612331264,132.54092001458,, 大洲城　井戸丸跡
j088okoc,photo2.jpg_original,,,,,
j088okoc,photo3.jpg,,,,,
j088okoc,photo4.jpg,,,,,
j088okoc,photo5.jpg,,,,,
j088okoc,photo6.jpg,,34.153007130182,132.48936559522,, ビユツカグランピング
j088okoc,photo6.jpg_original,,,,,
j090ota,aso.jpg,2024:02:24 15:04:23,32.884166666667,131.05743333333,1148.5319812793,
j090ota,hasi.jpg,2024:05:04 16:41:35,33.874972222222,133.83515833333,371.03390914907,
j090ota,kiyomizu.jpg,2023:11:12 14:14:25,34.994483333333,135.78581111111,41.885341639089,
j090ota,kobe.jpg,2024:03:30 12:50:32,34.688361111111,135.18966666667,28.68404772426,
j090ota,kumamoto.jpg,2024:02:26 10:35:52,32.806941666667,130.70491111111,39.809280639432,
j090ota,ryuugado.jpg,2024:05:04 09:31:41,33.603836111111,133.74104444444,186.66101069716,
j090ota,umi.jpg,2024:05:04 14:39:03,33.495694444444,133.57458611111,16.754749299284,
j090ota,usj.jpg,2024:03:29 10:48:56,34.667825,135.43556111111,7.0524940617577,
j091ota,IMG_8877.jpeg,2021:11:19 18:10:50,34.302655555556,134.00415,24.611808930045,
j091ota,IMG_9817.jpeg,2021:06:22 12:43:18,35.398094444444,132.68614166667,10.340350313354,
j091ota,IMG_9913.JPG,2022:03:23 19:21:44,,,,
j091ota,IMG_9928.JPG,2022:03:23 19:26:50,,,,
j097ohir,photo01.jpg,,33.86217,132.71097,,三津浜花火大会
j097ohir,photo02.jpg,,34.31242,133.80841,,四国水族館
j098omas,1.jpeg_original,,,,,
j098omas,1.jpg,,33.836197660774,132.78675921266,,
j098omas,2.jpeg,,33.43181,132.52136,,こけむしろ
j098omas,2.jpeg_original,,,,,
j098omas,3.jpeg,2022:08:25 12:46:21,33.685905555556,132.63380555556,2.2487807436153,ふたみシーサイド公園
j100oka,autumn-leaves-jpstyle.jpg,,34.330330313326,134.04431981982,,栗林公園1
j100oka,autumn-leaves.jpg,,34.329982567834,134.04600590261,,栗林公園2
j100oka,cactus.jpg,,33.948818261249,131.28183884553,,ときわミュージアム
j100oka,cat.jpg,,34.617524035502,134.17288652603,,牛窓海水浴場
j100oka,cherry-blossoms-bee.jpg,,33.84643193795,132.80037838425,,石手川沿い1
j100oka,cherry-blossoms-castle.jpg,,33.845365701001,132.76494441871,,松山城
j100oka,cherry-blossoms-river.jpg,,33.846327862778,132.80033542042,,石手川沿い2
j100oka,clown-fish.jpg,,33.954801093764,130.94235328554,,海響館
j100oka,hydrangea-blue.jpg,,33.956224231816,133.6720128602,,新宮あじさいの里1
j100oka,hydrangea.jpg,,33.955776383456,133.67138768595,,新宮あじさいの里2
j100oka,owl.jpg,,34.410327114984,133.19960613426,,尾道イートハブ・梟の館
j100oka,rock.jpg,,33.972504947467,132.75200563652,,北条の鹿島
j100oka,sea.jpg,,33.975029672236,132.76982236149,,鹿島の舟
j100oka,ship.jpg,,34.327915048359,134.0445457756,,栗林公園3
j100oka,train.jpg,,34.407237515493,133.19838754299,,尾道
j136kawa,edionpeacewinghiroshima.jpg,,34.401620477715,132.45384969523,,エディオンピースウイング広島
j136kawa,goldtower.jpg,,34.311721091466,133.8084531529,,ゴールドタワー
j136kawa,hasirijima.jpg,,34.340412367104,133.44963155292,,走島
j136kawa,hotstafffield.jpg,,34.440756421264,132.3943472376,,ホットスタッフフィールド広島
j136kawa,kakimoto.jpg,,34.686862781688,135.1840756799,,柿本商店
j136kawa,kodomonosiro.jpg,,33.761879144063,132.79749838188,,えひめこどもの城
j136kawa,kokuritsukyougijyou.jpg,,35.67783278778,139.71453016644,,国立競技場
j136kawa,okunosima.jpg,,34.30947289652,132.99369290495,,大久野島
j136kawa,pokopen.jpg,,33.507889773379,132.54748719516,,ポコペン横丁
j136kawa,sougoukouen.jpg,,33.844371997342,132.74068519858,,松山市総合公園
j138kawa,なばなの里.jpg,,35.08032,136.70492,,なばなの里
j138kawa,なばなの里.jpg_original,,,,,
j138kawa,イルミ.jpg,2017:11:24 20:01:23,34.389924693263,132.45580539119,,ひろしまドリミネーション
j138kawa,イルミ.jpg_original,2017:11:24 20:01:23,,,,
j138kawa,ジビエ.jpg,,33.873551163048,132.76987887569,,ジビエ料理店
j138kawa,ジビエ.jpg_original,,,,,
j138kawa,スキー.jpg,,33.718610011623,132.87451318648,,久万スキーランド
j138kawa,スキー.jpg_original,,,,,
j138kawa,バイク.jpg,,34.619517652869,132.38302668164,,バイク神社
j138kawa,バイク.jpg_original,,,,,
j138kawa,ライブ.jpg,,33.597596893341,130.35108032316,,ナンバーショット2024
j138kawa,ライブ.jpg_original,,,,,
j138kawa,一誠.jpg,,33.839090471818,132.76995597615,,帆立豚骨ラーメン
j138kawa,一誠.jpg_original,,,,,
j138kawa,二乗.jpg,,34.958973646144,137.16406135103,,東海オンエアの聖地
j138kawa,二乗.jpg_original,,,,,
j138kawa,伊勢神宮.jpg,,34.492408404001,136.70027460309,,伊勢神宮
j138kawa,伊勢神宮.jpg_original,,,,,
j138kawa,伏見稲荷.JPG,2017:07:23 13:21:01,34.967940648908,135.77933780084,,伏見稲荷大社
j138kawa,伏見稲荷.JPG_original,2017:07:23 13:21:01,,,,
j138kawa,吉野ヶ里.JPG,2017:08:17 12:36:46,33.328875832354,130.38674334531,,吉野ヶ里遺跡
j138kawa,吉野ヶ里.JPG_original,2017:08:17 12:36:46,,,,
j138kawa,天橋立.jpg,2023:09:21 14:38:13,35.56991562244,135.19184185471,,天橋立
j138kawa,天橋立.jpg_original,2023:09:21 14:38:13,,,,
j138kawa,富士山.JPG,2019:04:04 14:25:06,35.325748327759,138.58932178559,,富士山
j138kawa,富士山.JPG_original,2019:04:04 14:25:06,,,,
j138kawa,岡崎.jpg,,34.95207534836,137.16756828229,,岡崎
j138kawa,岡崎.jpg_original,,,,,
j138kawa,平等院.JPG,2017:04:02 12:36:05,34.889476081087,135.80756079514,,平等院鳳凰堂
j138kawa,平等院.JPG_original,2017:04:02 12:36:05,,,,
j138kawa,美術館.jpg,,34.232523596177,134.63804647006,,大塚国際美術館
j138kawa,美術館.jpg_original,,,,,
j143kiku,churaumi.jpg,2024:03:05 15:52:49,26.6944954,127.87786069972,53,美ら海水族館
j143kiku,kokusai.jpg,2024:03:05 22:21:50,,,,那覇市のメインストリート
j143kiku,mizuta.jpg,2024:03:17 10:59:16,,,,水田商店のラーメン 県外からも大勢来るらしい
j143kiku,osaka_poke.jpg,2022:08:11 14:55:29,34.673245,135.500751,80.7,大阪にあるポケモンセンター
j143kiku,shureimon.jpg,2024:03:04 16:38:33,,,,沖縄県那覇市首里にある中国様式の木造の門
j143kiku,sinkura.jpg,2024:04:19 11:12:07,,,,「麺や新倉」 つけ麺で有名だが、中華そばも美味しい
j143kiku,sky.jpg,2024:03:06 13:25:10,,,,松山-沖縄間の飛行機内で撮影した
j143kiku,tokyostation.jpg,2023:06:25 12:19:01,0,0,0,東京駅
j143kiku,toruko.jpg,2024:05:01 19:43:53,,,,大街道にある「イスタンブール・テラス」 トルコ料理を楽しめる
j143kiku,umeda.jpg,2022:08:09 21:06:04,34.705455972222,135.490201,60,梅田スカイビル 空中展望台で大阪の町並みを一望できる
j143kiku,valo.jpg,2023:06:24 16:31:22,35.647823972222,140.033406,94.568,幕張メッセ ゲーム「valorant」の世界大会がここで開催された
j146kish,aidai1.jpg,2023:01:12 14:05:00,33.848995,132.77068,,愛大で売ってたクレープ
j146kish,aidai2.jpg,2023:01:24 14:53:23,33.848995,132.77058,,愛大に雪が降った
j146kish,cake.jpg,2023:06:06 15:31:31,33.85214,132.76029,,林仙堂
j146kish,food1.jpg,2023:06:06 14:25:19,33.86014,132.75905,,インド料理マルニ
j146kish,food2.jpg,2023:12:09 13:53:17,33.84071,132.77001,,おいしいランチ
j146kish,hanabi.JPG,2022:08:06 20:02:21,33.86505,132.70948,,三津浜の花火
j146kish,mikan.jpg,2023:11:11 12:35:13,33.89197,133.09335,,戸田果樹園
j146kish,okaido.jpg,2023:01:20 17:42:11,33.83933,132.77001,,大街道の景色
j146kish,sakura.JPG,2023:04:02 09:21:39,34.09855,132.98017,,来島の桜
j146kish,yakiniku.JPG,2022:08:22 18:13:49,35.49729,134.22887,,韓国焼肉
j150kita,image1.jpg,,35.627184300015,139.88187689998,,ディズニーシー
j150kita,image10.jpg,,33.73894,132.79162,,砥部焼聖火台モニュメント
j150kita,image2.jpg,,33.7838368,132.6703006,,空からの写真
j150kita,image3.jpg,,33.754292099982,132.74435070002,,大谷池のねこ
j150kita,image4.jpg,,33.81113,132.74551,,tgc松山
j150kita,image5.jpg,,33.08477,129.78776,,ハウステンボスのナインチェカフェ
j150kita,image6.jpg,,33.849617000087,132.786344,,道後公園のイルミネーション
j150kita,image7.jpg,,33.83909,132.76926,,松山シーシャ 別邸
j150kita,image8.jpg,,33.27857,131.36837,,由布院温泉グランピング 風の響き
j150kita,image9.jpg,,35.67269,139.73583,,Harry Potter 階段とタイムターナー
j151kino,Pokemon.JPG,2021:02:11 13:17:53,33.152975758422,133.04519349815,,
j151kino,Pokemon.JPG_original,2021:02:11 13:17:53,,,,
j151kino,hidakahimori.JPG,2019:04:29 19:12:28,39.139453925482,141.14614392679,,
j151kino,hidakahimori.JPG_original,2019:04:29 19:12:28,,,,
j151kino,misawa.JPG,2019:04:28 14:10:40,40.699696312192,141.37412481725,,
j151kino,misawa.JPG_original,2019:04:28 14:10:40,,,,
j151kino,unicorn.JPG,2024:03:05 17:03:39,35.624612310152,35.624612310152,,
j151kino,unicorn.JPG_original,2024:03:05 17:03:39,,,,
j162kusu,TMC.jpg,,35.695301799973,139.69993329998,,東京ミステリーサーカス
j162kusu,TMC.jpg_original,,,,,
j176kori,aisu.jpg,,33.84878,132.76882,, 21時にアイス(平和通店)
j176kori,arashiyama.jpg,,35.01886,135.6719,, 嵐山の竹林
j176kori,hiroaka.jpg,,34.66772,135.4318,, USJヒロアカコラボ
j176kori,hutami.jpg,,33.68872,132.63497,, ふたみシーサイド公園
j176kori,kiddy.jpg,,34.70764,135.49766,, 梅田のキデイランド
j176kori,miyajima.jpg,,34.30077,132.32134,, 宮島のリラックマストア
j176kori,nintendo.jpg,,34.70292,135.49649,, 任天堂大阪
j176kori,nutera.jpg,,34.67182,132.50465,, 道頓堀のワッフルカーン
j176kori,sadamisaki.jpg,,33.4484,132.25735,, 佐田岬半島ミュージアム
j176kori,tokyorira.jpg,,36.49894,139.7393,, 東京駅のリラックマストア
j186komm,IMG_5868.JPG,,33.85331,132.77672,,実験で作ったやつ
j186komm,IMG_5868.JPG_original,,,,,
j186komm,aso.jpg,,32.88726,131.08335,,阿蘇山
j186komm,aso.jpg_original,,,,,
j186komm,cafe.jpg,,34.1023,132.51115,,地元のカフェ
j186komm,cafe.jpg_original,,,,,
j186komm,hirosima.jpg,,34.39208,132.48483,,カープの試合
j186komm,hirosima.jpg_original,,,,,
j186komm,hokkaido.jpg,,43.06349,142.63133,,北海道の星野リゾート
j186komm,hokkaido.jpg_original,,,,,
j186komm,kure.jpg,,34.25189,132.55708,,高校の合格発表
j186komm,kure.jpg_original,,,,,
j186komm,kyoto.jpg,,35.01538,135.67753,,京都の嵐山
j186komm,kyoto.jpg_original,,,,,
j186komm,miyazima.jpg,,34.29424,132.31865,,宮島のアナゴ飯
j186komm,miyazima.jpg_original,,,,,
j186komm,oosaka.jpg,,34.65925,135.40181,,USJ
j186komm,oosaka.jpg_original,,,,,
j186komm,yamanasi.jpg,,35.46052,138.83235,,山梨の忍野八海
j186komm,yamanasi.jpg_original,,,,,
j196saka,3dprint.jpg,,33.84874,132.77206,,学部共通実験の写真です
j196saka,3dprint.jpg_original,,,,,
j196saka,ice.jpg,,25.03253,121.5298,,思慕昔というお店のマンゴーアイスです。量がかなり大きいので訪れる際は気をつけてください
j196saka,ice.jpg_original,,,,,
j196saka,kyuhun.jpg,,25.11006,121.84516,,台北にある九分から見える景色です
j196saka,kyuhun.jpg_original,,,,,
j196saka,matuyama.jpeg,,33.88866,132.70425,,愛媛大学の受験後の帰宅時に撮影した松山観光港から見える海の様子です。
j196saka,matuyama.jpeg_original,,,,,
j196saka,rantan.jpeg,,22.92025,120.28388,,台湾の台南へ旅行に行った際に開催されていた祭りです。
j196saka,rantan.jpeg_original,,,,,
j196saka,ryuzanzi.jpg,,25.0369,121.49989,,台北にある龍山寺です
j196saka,ryuzanzi.jpg_original,,,,,
j196saka,sekikanrou.jpeg,,22.99739,120.20305,,台湾の台南にある赤かん楼の写真です
j196saka,sekikanrou.jpeg_original,,,,,
j196saka,shinkansen.jpg,,22.92455,120.28569,,台湾旅行中に台南から台北に移動するときに新幹線に利用した
j196saka,shinkansen.jpg_original,,,,,
j196saka,taipei.jpg,,25.04868,121.51665,,台北駅の近くから撮影した街並みです
j196saka,taipei.jpg_original,,,,,
j196saka,timei.jpeg,,22.93452,120.2232,,台南にある奇美博物館です。
j196saka,timei.jpeg_original,,,,,
j202sato,Fendershop.jpg,,35.66958,139.70615,,粗品も来たことのある有名なギターショップ
j202sato,SHELTER.jpg,,35.66148,139.66946,,ぼっちざろっくの聖地
j202sato,ときわ亭.jpg,,33.83912,132.76917,,ユッケとレモンサワーがおいしい
j202sato,めんたい重.jpg,,33.59122,130.40402,,高いけどおいしい
j202sato,もつ鍋_前田屋.jpg,,33.59201,130.41002,,並ぶけどおいしい
j202sato,ラジオ会館.jpg,,35.69791759436,139.77195024491,,Steins.Gateの聖地
j202sato,徳島ラーメン.jpg,,34.0459,134.55222,,徳島のソウルフード
j202sato,焼き豚卵飯.jpg,,34.06441,132.99855,,今治のソウルフード
j202sato,道の駅ふたみ.jpg,,33.6854,132.63435,,海が綺麗
j202sato,鉄塔.jpg,,34.06753,134.53754,,スポットライトが綺麗
j202sato,須賀神社.jpg,,35.68527,139.72249,,有名な階段
j210shim,aburasoba_syuuhei.jpg,,33.851208547408,132.76512778112,,ご飯を自由にお代わり可能
j210shim,houmenkouenn.jpg,,33.81847622626,132.74917498133,,高架下にある公園
j210shim,itukusima.jpg,,34.295994318568,132.31980800629,,満潮時の厳島神社
j210shim,jellyfish.jpg,,34.295427052891,132.31582492602,,照明に晒されて色鮮やかなクラゲ
j210shim,kaki.jpg,,34.298418726741,132.32160105214,,生牡蠣が美味しい
j210shim,mizutasyouten.jpg,,33.778780224294,132.78701284797,,チャーシューが満遍なく敷き詰められている
j210shim,momijimanzyuu.jpg,,34.297807185957,132.32091229274,,「揚げ紅葉」は一度試す価値あり
j210shim,pokecen_hiroshima.jpg,,34.395709649904,132.45730036774,,色違いのギャラドスがお出迎え
j210shim,ray.jpg,,34.295427052891,132.31582492602,,サービス精神旺盛のエイ
j210shim,teutisoba_sennri.jpg,,33.835871976486,132.75601659426,,天ぷらと蕎麦が美味しい
j218shir,IMG_1.jpg,2022:07:18 10:06:56,34.3282,133.18414,,本因坊秀策生誕の地
j218shir,IMG_1.jpg_original,2022:07:18 10:06:56,,,,
j224sugi,京都.jpeg,2024:03:09 11:37:00,35.12376,135.76356,,京都の冬の風景
j224sugi,天狗.jpeg,2024:03:09 10:06:00,35.11346,135.77295,,鞍馬駅前にある天狗のモニュメント
j224sugi,平等院鳳凰堂.jpeg,2024:03:09 15:32:00,34.88969,135.80738,,京都にある平等院鳳凰堂
j224sugi,東大寺.jpeg,2024:05:04 13:44:00,34.68913,135.83983,,奈良の大仏があるお寺
j224sugi,狛犬.jpeg,2024:03:09 11:44:00,35.12895,135.76526,,貴船神社にある狛犬
j224sugi,興福寺三重塔.jpeg,2024:05:04 09:02:00,34.68277,135.82942,,奈良県にある興福寺の近くにある三重塔
j224sugi,藤の花.jpeg,2024:05:04 11:09:00,34.68274,135.84879,,春日大社にある藤の花
j224sugi,鞍馬.jpeg,2024:03:09 10:53:00,35.12178,135.76587,,鞍馬にあったお寺
j224sugi,鞍馬寺.jpeg,2024:03:09 10:53:33,35.11827,135.77066,,鞍馬にあるメインのお寺
j224sugi,鹿.jpeg,2024:05:04 14:06:00,34.68269,135.83701,,奈良県の鹿
j232suya,akiyoshi.jpg,2023:10:08 13:12:05,34.228027777778,131.30326111111,,秋芳洞に行ってきました。
j232suya,carry.jpg,2024:03:27 14:35:28,33.839947222222,132.75106111111,,フィッシャーズカレーを食べました。
j232suya,databace.jpg,2024:06:18 14:33:25,33.849105555556,132.77153611111,,授業の様子です。
j232suya,drive.jpg,2024:04:05 15:08:06,34.345172222222,134.02056388889,,香川に行ってきました。
j232suya,nittei.jpg,2024:04:02 22:11:39,,,,今年の時間割です。
j232suya,ramen.jpg,2024:04:03 11:55:31,34.210858333333,133.71547222222,,おいしいラーメン屋です。
j232suya,ramen2.jpg,2023:09:08 16:36:20,34.670333333333,135.50078333333,,おいしいラーメン屋その2です。
j232suya,takashi.jpg,2024:04:25 01:25:43,34.066208333333,132.997775,,彼はサラダをたくさん食べます。
j232suya,toy.jpg,2023:07:19 22:14:53,33.844269444444,132.77180277778,,楽しいおもちゃです。
j232suya,zorome.jpg,2024:03:27 00:22:37,33.84555,132.76572222222,,ピンゾロが出ました。
j233seto,haripota.jpg,,34.66884,135.43157,,USJのホグワーツ城
j233seto,haripota.jpg_original,,,,,
j233seto,kintai.jpg,,34.16766,132.17834,,山口の錦帯橋
j233seto,kintai.jpg_original,,,,,
j233seto,kobe.jpg,,34.6822,135.184457,,虹が見れた
j233seto,kobe.jpg_original,,,,,
j233seto,koti.jpg,,33.56023,133.53601,,お酒と食べ物がおいしい
j233seto,koti.jpg_original,,,,,
j233seto,onomiti.jpg,,34.40405,133.19434,,天気にめぐまれて、眺めが良かった
j233seto,onomiti.jpg_original,,,,,
j233seto,pokesen.jpg,,34.67811,135.49803,,大阪のポケモンセンター
j233seto,pokesen.jpg_original,,,,,
j233seto,siro.jpg,,34.6879,135.52559,,大阪城
j233seto,siro.jpg_original,,,,,
j233seto,test.jpg_original,,,,,
j233seto,tyuka.jpg,,34.68821,135.1881,,神戸の中華街
j233seto,tyuka.jpg_original,,,,,
j233seto,umi.jpg,,34.18973,133.6488,,父母ヶ浜。インスタ映えスポット
j233seto,umi.jpg_original,,,,,
j233seto,umi2.jpg,,34.31828,132.49716,,溺れかけて、友達に助けてもらいました
j233seto,umi2.jpg_original,,,,,
j245taka,IMG_0219.jpg,2023:12:23 19:23:17,35.626753252134,139.7740238135,27,お台場のフジテレビ本社 有名な球体も見えました
j245taka,IMG_0228.jpg,2023:12:23 19:34:22,35.624651554404,139.77548096503,9,夜のユニコーンガンダムのライトアップ 撮影当時はSEEDとコラボしていました
j245taka,IMG_0241.jpg,2023:12:23 19:45:44,35.628029642982,139.77178094972,3,ニューヨーク…ではなく、東京の自由の女神像です
j245taka,IMG_0244.jpg,2023:12:23 19:48:12,35.63679058287,139.76312283624,69,夜のレインボーブリッジ 文字通りのレインボーでした
j245taka,IMG_0251.JPG,2023:12:23 21:31:50,35.664433838384,139.78244473627,2,月島もんじゃストリート内の店のもんじゃ焼き チーズもんじゃでした
j245taka,IMG_0253.jpg,2023:12:24 09:31:39,35.710254327766,139.8106467525,18,東京を代表する634mのタワー
j245taka,IMG_0394.jpg,2023:12:24 12:51:54,35.717940737342,139.79690611768,2,隅田川 コナンの映画でも登場していました
j245taka,IMG_0409.jpg,2023:12:24 13:33:44,35.710042244104,139.80032284219,1,スーパードライホールのオブジェ 金の炎
j245taka,IMG_0439.jpg,2023:12:24 14:44:15,35.714858361156,139.79728203804,3,浅草寺にあったこち亀の石碑
j245taka,IMG_0443.jpg,2023:12:24 15:19:48,35.699158241649,139.77467073622,2,秋葉原のヨドバシ 駅を出たらすぐにありました
j247taka,thumbnail_image0-2.jpg,,33.852704795597,132.76155509547,, おいしい豚骨ラーメン屋さんです
j247taka,thumbnail_image0-2.jpg_original,,,,,
j247taka,thumbnail_image1.jpg,,33.839590507659,132.76972763323,, 二郎系のおいしいラーメン屋さんです
j247taka,thumbnail_image1.jpg_original,,,,,
j247taka,thumbnail_image2.jpg,,34.665897380166,135.43227558067,, 楽しい遊園地
j247taka,thumbnail_image2.jpg_original,,,,,
j247taka,thumbnail_image3.jpg,,34.810071242359,135.53237789137,, 岡本太郎で有名な建築物
j247taka,thumbnail_image3.jpg_original,,,,,
j247taka,thumbnail_image4.jpg,,33.829147422722,132.70444130947,, JALの飛行機
j247taka,thumbnail_image4.jpg_original,,,,,
j247taka,thumbnail_image5.jpg,,33.852610758668,132.78454937205,, 道後温泉飛鳥の湯
j247taka,thumbnail_image5.jpg_original,,,,,
j247taka,thumbnail_image6.jpg,,33.850935660019,132.7848712371,, 道後名物からくり時計
j247taka,thumbnail_image6.jpg_original,,,,,
j247taka,thumbnail_image7.jpg,,34.668778417164,135.50130377267,, 道頓堀（えびす川周辺）
j247taka,thumbnail_image7.jpg_original,,,,,
j247taka,thumbnail_image8.jpg,,33.849861968931,132.7870206788,, 子規記念博物館
j247taka,thumbnail_image8.jpg_original,,,,,
j247taka,thumbnail_image9.jpg,,34.669034099889,135.50201816534,, 今までで一番美味しかったお好み焼き
j247taka,thumbnail_image9.jpg_original,,,,,
j248taka,hakodate.jpg,,,,,函館の八幡坂
j248taka,matsuyama.jpg,2023:12:27 12:40:52,33.841358232985,132.76186723521,,愛媛美術館(ジブリ展)
j248taka,matsuyama.jpg_original,2023:12:27 12:40:52,,,,
j248taka,nagoya.jpg,2023:03:23 12:59:18,,,,ジブリパーク。トトロ
j263tach,dougo.jpg,2024:02:23 22:11:15,33.85204,132.78611,,道後温泉本館の写真です!!!!!
j263tach,dougo.jpg_original,2024:02:23 22:11:15,,,,
j263tach,iseki.jpg,2023:07:08 11:48:04,34.058756,132.930875,,古墳
j263tach,iseki.jpg_original,2023:07:08 11:48:04,,,,
j263tach,oosaka.jpg,2023:03:10 09:27:47,34.686856,135.525706,,大阪城
j263tach,oosaka.jpg_original,2023:03:10 09:27:47,,,,
j263tach,tokyo.jpg,2022:08:14 15:05:25,35.629925,139.79349700008,,コミックマーケット
j263tach,tokyo.jpg_original,2022:08:14 15:05:25,,,,
j269tana,13-1.jpg,2024:01:27 21:27:07,33.83623,132.77025,,ダンススタジオ
j269tana,13-1.jpg_original,2024:06:19 22:25:58,,,,
j269tana,13-10.jpg,2024:07:20 10:07:32,35.662178558493,139.69865298808,,ニンテンドートーキョー
j269tana,13-10.jpg_original,2024:07:20 10:07:32,,,,
j269tana,13-11.jpg,2024:07:20 07:22:00,35.683739294122,139.70150973404,,代々木
j269tana,13-11.jpg_original,2024:07:20 07:22:00,,,,
j269tana,13-2.jpg,2024:02:18 13:03:05,33.83594,132.75521,,コミセン
j269tana,13-2.jpg_original,2024:05:15 22:57:02,,,,
j269tana,13-3.jpg,2024:03:30 16:17:47,33.84073,132.77001,,フライングスキャットマン
j269tana,13-3.jpg_original,2024:03:30 16:17:47,,,,
j269tana,13-4.jpg,2024:03:17 18:14:07,33.84894,132.77977,,県民文化会館
j269tana,13-4.jpg_original,2024:03:17 18:14:07,,,,
j269tana,13-5.jpg,2024:07:20 21:51:30,35.710438208867,138.45093417013,,韮崎駅前
j269tana,13-5.jpg_original,2024:07:20 21:51:30,,,,
j269tana,13-6.jpg,2024:07:20 15:59:58,35.710438208867,138.45093417013,,韮崎駅
j269tana,13-6.jpg_original,2024:07:20 15:59:58,,,,
j269tana,13-7.jpg,2024:07:20 10:29:05,35.662178558493,139.69865298808,,マリオ
j269tana,13-7.jpg_original,2024:07:20 10:29:05,,,,
j269tana,13-8.jpg,2024:07:20 10:26:43,35.662178558493,139.69865298808,,リュウ
j269tana,13-8.jpg_original,2024:07:20 10:26:43,,,,
j269tana,13-9.jpg,2024:07:20 08:35:27,35.660039456379,139.70060243905,,スクランブル交差点
j269tana,13-9.jpg_original,2024:07:20 08:35:27,,,,
j287tera,DSC_0579.JPG,2023:08:26 11:19:25,34.295954166984,132.31977672202,,
j287tera,DSC_0579.JPG_original,2023:08:26 11:19:25,,,,
j287tera,DSC_0695.JPG,2023:09:09 14:49:07,34.703807564225,135.49997136957,,
j287tera,DSC_0695.JPG_original,2023:09:09 14:49:07,,,,
j287tera,DSC_0868.JPG,2023:09:21 13:17:51,35.452651651779,139.6429260009,,
j287tera,DSC_0868.JPG_original,2023:09:21 13:17:51,,,,
j287tera,DSC_0921.JPG,2023:09:21 19:52:24,35.443585994902,139.64624085332,,
j287tera,DSC_0921.JPG_original,2023:09:21 19:52:24,,,,
j287tera,DSC_0950.JPG,2023:09:22 14:06:56,35.463275294848,139.62899027389,,
j287tera,DSC_0950.JPG_original,2023:09:22 14:06:56,,,,
j287tera,DSC_0993.JPG,2023:10:07 08:33:07,33.85072,132.78547,,
j287tera,DSC_0993.JPG_original,2023:10:07 08:33:07,,,,
j287tera,DSC_1000.JPG,2023:10:07 09:16:07,33.85075,132.78513,,
j287tera,DSC_1000.JPG_original,2023:10:07 09:16:07,,,,
j287tera,DSC_1066.JPG,2023:10:15 07:28:41,33.920351963105,133.17868806557,,
j287tera,DSC_1066.JPG_original,2023:10:15 07:28:41,,,,
j287tera,DSC_1513.JPG,2024:01:07 21:04:20,33.93065,133.20131,,
j287tera,DSC_1513.JPG_original,2024:01:07 21:04:20,,,,
j287tera,DSC_1647.JPG,2024:03:03 12:48:01,34.809568897192,135.53248574834,,
j287tera,DSC_1647.JPG_original,2024:03:03 12:48:01,,,,
j291domo,beefbowl.JPG,2024:07:17 17:26:23,33.852327377034,132.77570782739,,卵が中心にない牛丼です
j291domo,castle.JPG,2024:05:26 15:46:21,33.847706625683,132.76207830084,,松山城です
j291domo,light.JPG,2022:12:29 18:47:00,34.490468693612,133.36136662013,,福山城が光ってた時の写真です
j291domo,okonomiyaki.JPG,2024:07:19 20:36:22,33.840026339088,132.76996334073,,お好み焼きです
j291domo,ramen1.JPG,2024:05:12 20:05:01,33.852730244853,132.76155795383,,ラーメンです
j291domo,ramen2.JPG,2024:05:27 18:36:49,33.852649478881,132.77074007502,,ラーメンです
j291domo,ramen3.JPG,2022:03:17 13:10:32,34.520406340222,133.36552192236,,ラーメンです
j291domo,sky.JPG,2023:10:20 18:04:59,33.848612154408,132.77153598128,,空です
j291domo,turtle.JPG,2024:07:15 19:22:44,33.84914687122,132.76468306662,,多分スッポンです
j291domo,udon.JPG,2024:04:28 20:58:00,33.851473575077,132.74886097692,,うどんです
j292toku,002.jpg,,33.85079,132.78548,,時計台
j292toku,002.jpg_original,,,,,
j292toku,004.jpg,,33.853,132.74643,,インドカレー
j292toku,004.jpg_original,,,,,
j293toku,1.jpg,,35.625888,139.516745,,よみうりランド
j293toku,1.jpg_original,,,,,
j293toku,10.jpg,,34.66845,135.42943,,キノピオ(料理長)
j293toku,10.jpg_original,,,,,
j293toku,11.jpg,,35.64948,139.78961,,チームラボ
j293toku,11.jpg_original,,,,,
j293toku,2.jpg,,34.665348,133.93572,,岡山城
j293toku,2.jpg_original,,,,,
j293toku,3.jpg,,31.66256,131.459307,,サンメッセ日南
j293toku,3.jpg_original,,,,,
j293toku,4.jpg,,33.816516,132.804337,,東道後のそらともり
j293toku,4.jpg_original,,,,,
j293toku,5.jpg,,35.72911,139.71979,,サンシャイン水族館
j293toku,5.jpg_original,,,,,
j293toku,6.jpg,,35.30038,139.48292,,江の島
j293toku,6.jpg_original,,,,,
j293toku,7.jpg,,35.7104,139.81096,,東京スカイツリー
j293toku,7.jpg_original,,,,,
j293toku,8.jpg,,34.65486,135.42916,,海遊館
j293toku,8.jpg_original,,,,,
j293toku,9.jpg,,34.66613,135.43244,,キノピオ(平社員)
j293toku,9.jpg_original,,,,,
j295toku,bai.jpg,,33.87209026758,132.70899668386,,綺麗
j295toku,bai.jpg_original,,,,,
j295toku,bird.jpg,,33.689401560073,132.63708500446,,夫婦喧嘩をした鳥
j295toku,bird.jpg_original,,,,,
j295toku,boy.jpg,,42.99921034534,141.39491556396,,boys be ambitious
j295toku,boy.jpg_original,,,,,
j295toku,don.jpg,,35.644251967593,139.78198716699,,美味しすぎて口がとろけた
j295toku,don.jpg_original,,,,,
j295toku,myou.jpg,,33.560353654124,133.53578430992,,オヌヌメ店
j295toku,myou.jpg_original,,,,,
j295toku,phone.jpg,,35.731623417157,139.71311820739,,芸術ポイント高
j295toku,phone.jpg_original,,,,,
j295toku,retoro.jpg,,35.69939988566,139.7707873306,,ファミコン等のレトロゲームの宝庫。ゲームセンターCXも流れていた。
j295toku,retoro.jpg_original,,,,,
j295toku,station0.jpg,,35.68164,139.76492,,芸術的
j295toku,station0.jpg_original,,,,,
j295toku,station1.jpg,,35.710529707296,139.8132582038,,とある駅
j295toku,station1.jpg_original,,,,,
j295toku,yaku.jpg,,30.358628647696,130.55106573185,,ウィルソン株
j295toku,yaku.jpg_original,,,,,
j304naka,aosima.jpg,,33.736111,132.487213,,青島にいた猫の写真
j304naka,aosima.jpg_original,,,,,
j304naka,atoa.jpg,,34.683192999835,135.19364899991,,デジタルアートが綺麗な水族館
j304naka,atoa.jpg_original,,,,,
j304naka,brisk.jpg,,34.685356,135.181778,,おいしいハンバーガー屋さん
j304naka,brisk.jpg_original,,,,,
j304naka,hakurakuten.jpg,,34.064377,132.998642,,焼豚玉子飯が有名なお店
j304naka,hakurakuten.jpg_original,,,,,
j304naka,itukusima.jpg,,34.295975,132.319794,,厳島神社の鹿
j304naka,itukusima.jpg_original,,,,,
j304naka,kaiyuukan.jpg,,34.65447,135.4289,,海遊館入口
j304naka,kaiyuukan.jpg_original,,,,,
j304naka,kingyo.jpg,,34.311564,133.808494,,香川のソラキンで撮った写真
j304naka,kingyo.jpg_original,,,,,
j304naka,riturin.jpg,,34.329906,134.045456,,香川の栗林公園で撮った写真
j304naka,riturin.jpg_original,,,,,
j304naka,sikokukarusuto.jpg,,33.466550999882,132.960218,,四国カルストの写真
j304naka,sikokukarusuto.jpg_original,,,,,
j304naka,taoru.jpg,,33.969124,133.032684,,タオル美術館のタオル
j304naka,taoru.jpg_original,,,,,
j309naka,bayside.jpg,,34.66239,135.4351,,大阪のライブハウス
j309naka,kaiyuukan.jpg,,34.65468,135.42899,,大阪市港区にある水族館
j309naka,komeda.jpg,,33.85266,132.77097,,大学に近いコメダ珈琲店
j309naka,orugan.jpg,,33.83695,132.76991,,銀天街の洋食屋さん
j313naka,Kinkaku.jpg,,35.03977,135.72921,,金色の寺
j313naka,Kinkaku.jpg_original,,,,,
j313naka,Kiyomizu.jpg,,34.99904,135.78455608495,,京都の伝統ある寺
j313naka,Kiyomizu.jpg_original,,,,,
j313naka,Nagoya.jpg,,35.41541,137.09269,,名古屋の桜が映えるお城
j313naka,Nagoya.jpg_original,,,,,
j313naka,hokkai.jpg,,43.19914,141.00207,,美しい雪景色が拝める
j313naka,hokkai.jpg_original,,,,,
j313naka,matuyamazyou.jpg,,,,,愛媛にあるお城です。
j313naka,matuyamazyou.jpg_original,,,,,
j313naka,miko.jpg,2024:07:10 14:44:43,35.48823,138.68237,,富士5湖の3つを一望できる
j313naka,miko.jpg_original,2024:07:10 14:44:43,,,,
j313naka,miyazima.jpg,,34.32325,132.29420458855,,潮が引くと近づける鳥居がある
j313naka,miyazima.jpg_original,,,,,
j313naka,nakano.JPG,,35.47628,138.57315,,展望台から逆さ富士を拝めるかも
j313naka,nakano.JPG_original,,,,,
j313naka,sizuoka.jpeg,,,,,
j313naka,sizuoka.jpg,,35.23238,138.23863,,吊り橋
j313naka,sizuoka.jpg_original,,,,,
j313naka,tunosima.jpg,2016:07:17 12:25:59,34.3608,130.87319,,美しい海が広がる
j313naka,tunosima.jpg_original,2016:07:17 12:25:59,,,,
j314naka,atami.jpg,2024:02:28 10:22:42,35.086647222222,139.078525,161.19,熱海
j314naka,hakone.jpg,,35.233100799663,139.10367135213,,箱根湯本商店街
j314naka,hakone.jpg_original,,,,,
j314naka,hakoneyama.jpg,,35.184715178745,139.04864719626,,箱根大観山
j314naka,hakoneyama.jpg_original,,,,,
j314naka,kurokawa.jpg,2023:09:08 15:24:17,33.077122222222,131.147275,751.17,黒川温泉
j314naka,okinawa.jpg,,26.698932092004,128.0173285383,,沖縄の写真
j314naka,okinawa.jpg_original,,,,,
j314naka,owaku.jpg,,35.24323653512,139.01973366748,,大涌谷
j314naka,owaku.jpg_original,,,,,
j314naka,rokkou.jpg,,34.78122726083,135.28927293861,,東六甲展望台
j314naka,rokkou.jpg_original,,,,,
j314naka,sirobara.jpg,,35.496008272617,133.68832648099,,白バラ
j314naka,sirobara.jpg_original,,,,,
j314naka,skywalk.jpg,,35.150170689934,138.98079243866,,富士スカイウォーク
j314naka,skywalk.jpg_original,,,,,
j314naka,taiyou.jpg,,34.808381036514,135.5324042809,,太陽の塔
j314naka,taiyou.jpg_original,,,,,
j314naka,tunosima.jpg,2023:07:02 13:03:29,34.347261111111,130.89568888889,35.7,角島大橋
j314naka,tyouzya.jpg,,33.123779044158,131.22969439619,,長者原
j314naka,tyouzya.jpg_original,,,,,
j314naka,zikkoku.jpg,,35.127868997993,139.04105950979,,十国峠
j314naka,zikkoku.jpg_original,,,,,
j317naga,バンテリン.jpeg,2024:01:01 00:00:00,35.185980555556,136.94735833333,50,202412回ドロー
j317naga,マツダ.jpeg,2023:01:01 00:00:00,34.392027673415,132.48473869435,30,2023カープパフォーマンス席
j317naga,マリーナベイサンズ.jpeg,2023:01:01 00:00:00,1.2839183908583,103.85911722222,10,2023シンガポール研修
j317naga,マーライオン.jpeg,2023:01:01 00:00:00,1.2869668474289,103.85452322986,10,2023シンガポール研修
j317naga,ユニバ.jpeg,2022:01:01 00:00:00,34.666068955686,135.43238985788,35,2022ユニバ
j317naga,乃木坂駅.jpeg,2023:01:01 00:00:00,35.666931168544,139.72650782324,35,2023東京観光
j317naga,坊っちゃんスタジアム.jpeg,2022:01:01 00:00:00,33.809206031355,132.74751503666,51,2022プロ野球オールスター
j317naga,明治神宮.jpeg,2023:01:01 00:00:00,35.670830026402,139.70187897884,35,2023東京観光
j317naga,東京駅.jpeg,2023:01:01 00:00:00,35.681529790826,139.76698001173,35,2023東京観光
j317naga,横浜.jpeg,2023:01:01 00:00:00,35.443398086157,139.64017529626,35,2023九里完封勝利
j317naga,清水寺.jpeg,2024:01:01 00:00:00,34.995114443894,135.78468245739,65,2024関西観光
j317naga,神宮.jpeg,2023:01:01 00:00:00,35.674615805947,139.71711880296,35,2023開幕戦
j323naka,photo1.jpg,,34.73397,135.20674,, 摩耶山からの神戸の夜景
j323naka,photo1.jpg_original,,,,,
j323naka,photo10.jpg,,33.92761,133.18918,, いとまちでのランチ
j323naka,photo10.jpg_original,,,,,
j323naka,photo2.jpg,,33.08629,131.23744,, くじゅう連山からの景色
j323naka,photo2.jpg_original,,,,,
j323naka,photo3.jpg,,34.18947,133.6487,, 父母ヶ浜
j323naka,photo3.jpg_original,,,,,
j323naka,photo4.jpg,,33.87474,132.70753,, 伊予鉄電車内より
j323naka,photo4.jpg_original,,,,,
j323naka,photo5.jpg,,35.38139,133.54723,, 大山登山道中
j323naka,photo5.jpg_original,,,,,
j323naka,photo6.jpg,,33.55057,133.545,, 高知のマジで美味しいつけそば
j323naka,photo6.jpg_original,,,,,
j323naka,photo7.jpg,,33.55995,133.54268,, はりまや橋
j323naka,photo7.jpg_original,,,,,
j323naka,photo8.jpg,,33.97282,132.76438,, 鹿島の夕焼け
j323naka,photo8.jpg_original,,,,,
j323naka,photo9.jpg,,33.83752,132.77071,, 「なかむら」のラーメン
j323naka,photo9.jpg_original,,,,,
j329nish,Aso.JPG,2020:09:22 11:39:36,32.898432144831,131.08756092305,,熊本にある有名な火山、阿蘇山。
j329nish,Eiffel.JPG,2024:03:10 12:59:06,48.858348895114,2.2944812960645,,パリのシンボル、エッフェル塔。
j329nish,Ginko.JPG,2024:03:15 13:36:45,35.686367757984,139.77327324449,,三井住友信託銀行。ある銀行ドラマの舞台。
j329nish,Heathrow.JPG,2024:03:07 16:21:33,51.467958150803,359.54501147447,,国際線利用者が世界第二位、ヒースロー空港。
j329nish,Imabari.JPG,2023:09:01 13:52:29,34.063432912963,133.00678698166,,今治城。別名吹上城。
j329nish,Kagawa.JPG,2024:05:06 13:06:00,34.309311207311,133.82098456543,,本格手打うどん「おか泉」のうどん。
j329nish,Kobe.jpg,,34.682627701132,135.1867003728,,広島からなら在来線でとんぼ返りできる。
j329nish,Shimane.JPG,2024:03:18 15:31:05,35.396722684757,132.68634757855,,出雲大社。祭神は大国主大神。
j329nish,Shimonada.JPG,2022:07:10 11:57:43,33.655200095511,132.58937198164,,下灘駅。ある曲の聖地。
j329nish,Shingapore.JPG,2019:03:21 21:50:46,1.2836034864923,103.86034910057,,マリーナベイサンズのプールからとった写真。
j334nish,bekobe.jpg,,34.681358,135.189428,, BE KOBEモニュメント
j334nish,bekobe.jpg_original,,,,,
j334nish,kobe.jpg,,34.68232,135.186677,, 神戸ポートタワー
j334nish,kobe.jpg_original,,,,,
j334nish,みらいしん.jpg,,34.303167,133.089195,, 未来心の丘
j334nish,みらいしん.jpg_original,,,,,
j334nish,コリアタウン.jpg,,34.658729,135.537962,, コリアタウン
j334nish,コリアタウン.jpg_original,,,,,
j334nish,ハチ公前.jpg,,,,,
j334nish,ラー博.jpg,,35.509996,139.614703,, ラーメン博物館
j334nish,ラー博.jpg_original,,,,,
j334nish,中華街.jpg,,35.443334,139.645329,, 横浜中華街
j334nish,中華街.jpg_original,,,,,
j334nish,久万.jpg,,33.718342,132.874545,, 久万スキーランド
j334nish,久万.jpg_original,,,,,
j334nish,京大.jpg,,35.025717,135.780865,, 京都大学
j334nish,京大.jpg_original,,,,,
j334nish,南京町.jpg,,,,,
j334nish,姫路城.jpg,,34.838435,134.693888,, 姫路城
j334nish,姫路城.jpg_original,,,,,
j334nish,父母ヶ浜.jpg,,34.189976,133.648752,, 父母ヶ浜
j334nish,父母ヶ浜.jpg_original,,,,,
j334nish,赤レンガ倉庫.jpg,,,,,
j334nish,金毘羅山.jpg,,,,,
j339nogu,photo1.jpg,,34.669,135.501,,  グリコ
j339nogu,photo11.jpg,,34.446,133.996,,  直島
j339nogu,photo12.jpg,,34.359,132.416,, マリーナホップ
j339nogu,photo13.jpg,,34.262,132.517,, かるが浜
j339nogu,photo14.jpg,,34.634,132.299,, ダム
j339nogu,photo15.jpg,,34.41,133.203,, 尾道
j339nogu,photo16.jpg,,26.464,127.817,, 沖縄のホテル
j339nogu,photo2.jpg,,33.084,129.788,,  ハウステンボス
j339nogu,photo3.jpg,,34.345,132.336,,  美味しい店
j339nogu,photo4.jpg,,34.467,132.476,,  高校近くの抹茶屋さん
j339nogu,photo5.jpg,,34.391,132.452,,  平和記念公園
j339nogu,photo6.jpg,,35.234,132.739,,  森
j339nogu,photo7.jpg,,34.409,132.466,,  安田女子高校
j339nogu,photo8.jpg,,34.797,132.902,, 黄昏の友達
j339nogu,photo9.jpg,,34.393,132.462,, チーズハットグ
j341nono,IMG_4831.jpg,2023:08:29 13:40:32,34.016391666667,118.49508611111,28.894638069705,Downtown Santa Monica
j341nono,IMG_4847.JPG,2023:08:29 14:15:07,34.013472222222,118.49399444444,23.685864103124,Santa Monica Place
j341nono,IMG_4909.JPG,2023:08:30 10:04:40,34.009333333333,118.49746666667,5.8477325795748,
j341nono,IMG_5088.JPG,2023:09:02 22:31:07,33.809066666667,117.92489722222,40.469337442219,Downtown Disney
j341nono,IMG_5099.JPG,2023:09:04 14:03:09,34.047813888889,118.24948888889,83.218929254302,Downtown
j341nono,IMG_5147.JPG,2023:09:05 11:33:46,34.015563888889,118.28635277778,49.837825796391,California Science Center
j341nono,IMG_5253.JPG,2023:09:06 09:59:04,34.048697222222,118.24083611111,96.733516785911,Little Tokyo in LosAngels
j341nono,IMG_5261.JPG,2023:09:06 10:06:07,34.049622222222,118.24069166667,86.359506618532,
j341nono,IMG_5315.JPG,2023:09:06 14:19:21,34.056008333333,118.23597777778,87.185813882995,
j341nono,IMG_6951.JPG,2023:09:06 18:47:23,33.799580555556,117.88306388889,51.877895338862,
j343hash,fes.jpg,,34.00514,131.37217,,山口きらら博記念公園で毎年開催される野外音楽フェス
j343hash,fes.jpg_original,,,,,
j343hash,vs.jpg,,35.70574,139.75185,,東京ドームで行われた一夜限りの対バンライブ
j343hash,vs.jpg_original,,,,,
j343hash,まんぷく家.jpg,,34.97646,137.16031,,YouTuber東海オンエア行きつけのラーメン屋
j343hash,まんぷく家.jpg_original,,,,,
j343hash,サウナイーグル.jpg,,35.00885,137.03566,,サウナのために作られた温泉
j343hash,サウナイーグル.jpg_original,,,,,
j343hash,ディズニーランド.jpg,,35.63309,139.88038,,ディズニーランド
j343hash,ディズニーランド.jpg_original,,,,,
j343hash,ワンオクvsバウンディ.jpg,,34.66945,135.4762,,京セラドームで行われたONE OK ROCKとVaundyの対バンライブ
j343hash,ワンオクvsバウンディ.jpg_original,,,,,
j343hash,八祭.jpg,,34.62621,133.83062,,CONVEX岡山で毎年開催される音楽フェス
j343hash,八祭.jpg_original,,,,,
j343hash,南京町.jpg,,34.6884,135.18805,,神戸の中華街
j343hash,南京町.jpg_original,,,,,
j343hash,大山.jpg,,35.39708,133.53407,,だいせんホワイトリゾート
j343hash,大山.jpg_original,,,,,
j343hash,明洞餃子.jpg,,37.56267,126.98559,,明洞餃子
j343hash,明洞餃子.jpg_original,,,,,
j345hash,1.jpg,,32.839385802913,132.71819207631,,Windowsの背景にありそうな川の写真
j345hash,10.jpg,,33.849250389944,132.77283046114,,愛媛大学案内図
j345hash,2.jpg,,32.797344003711,132.87650501161,,水族館のカメ
j345hash,3.jpg,,32.877317492778,132.69195946658,,近所の海
j345hash,4.jpg,,32.797344003711,132.87650501161,,タツノオトシゴ
j345hash,5.jpg,,33.548095748215,133.57990172663,,牧野植物園-きれいな天井
j345hash,6.jpg,,33.548095748215,133.57990172663,,牧野植物園-水面に浮かぶでかい葉
j345hash,7.jpg,,33.548095748215,133.57990172663,,牧野植物園-背の高い植物
j345hash,8.jpg,,33.548095748215,133.57990172663,,牧野植物園-バナナの蕾
j345hash,9.jpg,,32.839385802913,132.71819207631,,木の間からの日差しが良い
j348hama,gusokumushi.jpg,2023:12:16 15:58:35,33.259077777778,131.53515555556,9.5179595909204,ダイオウグソクムシ in うみたまご
j348hama,haripota.jpg,2021:07:19 14:16:56,34.667677777778,135.432175,14.409844384303,ウィザーディング・ワールド・オブ・ハリー・ポッター
j348hama,hato.jpg,2022:05:03 12:23:42,33.874283333333,132.70774722222,9.0269279393173,鳩と海
j348hama,hontedmansion.jpg,2021:04:12 19:03:22,35.62395,139.88697777778,7.6928024280965,ホーンテッドマンション
j348hama,huziq.jpg,2021:04:14 13:57:55,35.485347222222,138.778,853.05990220049,リサとガスパールタウン
j348hama,kakigori.jpg,2023:06:27 14:48:32,33.844361111111,132.77200277778,28.812150956169,イチゴのかき氷
j348hama,osaka.jpg,2020:02:17 19:54:12,34.668644444444,135.50233333333,30.954833984375,道頓堀
j348hama,pingu.jpg,2023:08:23 11:20:50,33.363797222222,132.51867777778,268.78561403509,ピングー
j348hama,sea.jpg,2023:12:17 17:17:01,33.317477777778,131.67718611111,15.093776707327,船の上からの海
j348hama,sea2.jpg,2022:02:24 12:19:30,34.385158333333,133.81571944444,48.213134765625,瀬戸内海
j348hama,toriten.jpg,,33.280022,131.504974,,大分名物 鶏天
j348hama,toriten.jpg_original,,,,,
j364hira,1.jpg,2023:01:08 12:08:46,34.242561111111,133.00763055556,213.75359066427,山
j364hira,10.jpg,2021:03:30 07:38:34,34.902113888889,132.08946111111,16.687408440879,駅
j364hira,11.jpg,2021:04:28 10:31:07,34.063183333333,131.57403611111,27.365665046399,神社
j364hira,12.jpg,2021:04:28 12:13:52,34.166661111111,132.17843611111,6.9674895688456,橋
j364hira,13.jpg,2021:04:28 13:20:54,34.175594444444,132.17423888889,224.14473627649,岩国城
j364hira,14.jpg,2022:03:20 10:34:01,34.316536111111,132.15142777778,596.44526627219,山
j364hira,15.jpg,2022:03:20 11:04:29,34.316330555556,132.15065,652.61689106487,山
j364hira,16.jpg,2022:05:14 09:53:54,33.831233333333,132.80854722222,142.97378538972,山
j364hira,17.jpg,2022:06:25 10:34:29,33.836322222222,132.71469166667,118.70155586987,山
j364hira,18.jpg,2022:06:26 04:58:04,33.844441666667,132.77029444444,71.050536352801,山
j364hira,19.jpg,2022:06:26 05:09:31,33.841758333333,132.76956111111,31.489877688739,山
j364hira,2.jpg,2023:01:08 12:20:16,34.241919444444,133.00799444444,265.11219286045,山
j364hira,20.jpg,2022:07:02 10:00:37,33.946280555556,132.84152222222,847.46759030183,山
j364hira,22.jpg,2022:08:14 05:22:28,34.393630555556,132.45684722222,12.984010579466,朝
j364hira,23.jpg,2022:08:20 10:54:51,33.717772222222,132.894225,1270.2908093278,山
j364hira,24.jpg,2022:09:13 15:13:37,33.942744444444,133.536225,901.75317875841,山
j364hira,25.jpg,2022:09:13 15:17:34,33.941863888889,133.53593333333,892.04335090803,山
j364hira,27.jpg,2022:10:22 17:37:56,33.842811111111,132.76316944444,112.66197975253,山
j364hira,29.jpg,2023:01:08 11:37:08,34.243202777778,133.00521944444,89.436330561331,山
j364hira,3.jpg,2023:03:17 13:48:18,34.654919444444,135.42893888889,3.8200283026721,海遊館
j364hira,30.jpg,2023:01:08 11:49:49,34.243194444444,133.00715555556,228.65157699443,山
j364hira,31.jpg,2019:08:08 09:11:19,36.571094444444,137.61195277778,2687.7060869565,山
j364hira,32.jpg,2019:08:08 09:12:49,36.570616666667,137.61221388889,2696.6872659176,山
j364hira,33.jpg,2019:08:08 10:20:08,36.572777777778,137.61729444444,2979.1238273921,山
j364hira,34.jpg,2019:08:08 11:02:23,36.573283333333,137.61764444444,2993.6494661922,山
j364hira,35.jpg,2019:08:08 12:39:45,36.58435,137.61894166667,2832.7848324515,山
j364hira,36.jpg,2019:08:08 15:59:57,36.58755,137.60029722222,2273.0514820593,山
j364hira,37.jpg,2019:08:09 07:19:58,36.581322222222,137.59600833333,2410.9870096791,山
j364hira,38.jpg,2019:11:23 10:02:35,34.456030555556,132.44854722222,405.47608370703,山
j364hira,39.jpg,2019:11:23 10:02:41,34.456016666667,132.44854722222,405.17148621385,山
j364hira,4.jpg,2023:03:17 14:01:00,34.654402777778,135.42889444444,3.2890615441087,海遊館
j364hira,41.jpg,2019:12:27 11:32:05,34.26105,133.071625,39.373899647887,橋の上
j364hira,42.jpg,2019:12:27 11:41:19,34.259725,133.06474166667,29.93765045739,県境
j364hira,43.jpg,2020:06:20 10:24:25,34.311536111111,132.44226111111,25.227342607522,山
j364hira,44.jpg,2020:08:29 09:45:06,34.455902777778,132.43251111111,420.57550644567,山
j364hira,45.jpg,2020:10:06 14:05:46,33.889033333333,132.70489444444,1.3630913434471,船
j364hira,46.jpg,2020:10:06 15:55:04,34.194558333333,132.53744444444,5.9509146271664,船の上
j364hira,47.jpg,2020:10:18 11:20:54,34.521347222222,132.57589722222,885.43918575064,山
j364hira,48.jpg,2020:11:03 17:49:08,34.127780555556,133.01555,27.439201618837,橋
j364hira,49.jpg,2020:11:22 13:49:43,34.636241666667,132.295425,398.31697127937,ダム
j364hira,5.jpg,2023:03:18 20:46:39,34.642672222222,135.41264444444,9.6164665152007,駅
j364hira,50.jpg,2020:12:02 09:44:55,34.353694444444,132.47177222222,1.911961858006,船
j364hira,51.jpg,2016:12:11 12:20:03,34.004386111111,131.37350555556,4.4903560830861,きらら博
j364hira,52.jpg,2017:04:07 15:49:00,34.401016666667,132.45253055556,8.687743950039,桜
j364hira,53.jpg,2017:04:11 17:09:45,34.406558333333,132.45704722222,29.45434298441,桜
j364hira,54.jpg,2017:05:04 08:42:01,35.136355555556,133.67727777778,870.42405063291,山
j364hira,55.jpg,2017:05:04 09:28:34,35.142113888889,133.67735277778,1032.4684684685,山
j364hira,56.jpg,2017:05:04 10:29:03,35.112775,133.68191666667,333.26857142857,山
j364hira,57.jpg,2017:05:14 09:56:40,34.747763888889,132.20135555556,1074.2894736842,山
j364hira,58.jpg,2017:12:26 11:41:37,34.371211111111,133.17680277778,3.0000169279209,橋の中
j364hira,59.jpg,2017:12:26 13:03:33,34.344733333333,133.15800555556,211.65517241379,山
j364hira,6.jpg,2023:03:19 10:12:28,34.668227777778,135.43171666667,7.6814012598077,ホグワーツ城
j364hira,60.jpg,2017:12:28 12:15:15,34.111155555556,132.97615,46.259906759907,猫
j364hira,62.jpg,2018:02:05 09:11:08,34.671866666667,132.24920555556,551.65243902439,雪
j364hira,63.jpg,2018:04:27 12:12:10,34.305969444444,132.99173055556,11.193762441938,兎
j364hira,64.jpg,2018:04:27 12:46:45,34.307277777778,133.02793888889,11.147434227663,兎
j364hira,65.jpg,2018:04:27 12:47:11,34.306744444444,133.06399444444,11.147434227663,兎
j364hira,66.jpg,2018:04:29 09:45:58,34.476847222222,132.26542777778,870.40243902439,山
j364hira,67.jpg,2018:04:29 09:48:19,34.148333333333,132.22250277778,,山
j364hira,68.jpg,2018:12:24 10:45:14,34.261066666667,133.07191388889,41.966397849462,橋の上
j364hira,69.jpg,2019:06:23 07:56:08,34.789919444444,132.31907777778,744.38653001464,牛
j364hira,7.jpg,2023:03:30 05:31:28,34.403419444444,132.45814444444,7.8322135240091,広島城
j364hira,70.jpg,2019:06:23 10:35:44,34.780072222222,132.33000277778,1149.6238767651,スキー場
j364hira,71.jpg,2019:06:23 11:00:32,34.779986111111,132.33007777778,1150.0491869919,スキー場
j364hira,72.jpg,2019:07:27 11:28:11,35.026363888889,135.79827777778,98.445382585752,銀閣
j364hira,73.jpg,2019:07:27 11:31:45,35.026847222222,135.79879722222,107.25377305757,銀閣
j364hira,74.jpg,2019:07:27 11:54:24,35.027216666667,135.79511944444,80.178844159517,京都
j364hira,75.jpg,2019:07:27 13:23:43,35.010697222222,135.7937,76.485686559922,京都
j364hira,76.jpg,2019:08:07 16:07:08,36.491547222222,136.48275833333,14.230923601064,海
j364hira,77.jpg,2019:08:08 08:04:03,36.577319444444,137.59602222222,2431.1134380454,山
j364hira,78.jpg,2019:08:08 08:39:47,36.575108333333,137.60381944444,2472.1988977956,山
j364hira,79.jpg,2016:12:10 12:35:00,34.403788888889,132.45220833333,3.8003541389996,山
j364hira,8.jpg,2020:12:02 09:45:00,34.353702777778,132.47180277778,1.8431438152522,船
j364hira,9.jpg,2020:12:03 06:48:52,34.012822222222,132.74751388889,2.4663870104509,船の上
j384fuji,IMG_20191026_143117.jpg,2019:10:26 14:31:18,33.55138,132.6501,59,内子座
j384fuji,IMG_20191124_150814.jpg,2019:11:24 15:08:14,33.3644,132.518,279,愛媛県歴史文化博物館
j384fuji,IMG_20200312_134724.jpg,2020:03:12 13:47:24,33.7173,132.894,1251,皿ヶ嶺山頂（標高1278ｍ）から見た景色
j384fuji,PXL_20201126_045238853~2.jpg,2020:11:26 13:52:38,33.65245,132.5837,35,JRの車内から見た伊予灘の景色
j384fuji,bansuisou.jpg,2019:09:01 14:09:17,33.842438900015,132.7681889,38,萬翠荘
j384fuji,guitar.jpg,2019:07:20 13:45:32,33.842841517155,132.77070036033,36,ギター屋さん
j384fuji,kobe.jpg,2022:02:25 22:34:50,34.66635,135.2021,0,神戸のモニュメント
j384fuji,mitsuhama.jpg,2019:08:03 20:54:20,33.864407262905,132.70756132378,3,三津浜花火大会
j384fuji,momotaro.jpg,2022:06:25 16:10:25,34.664916999879,133.91773,22,岡山駅の桃太郎像
j384fuji,uwashimajou.jpg,2019:11:24 10:10:46,33.2194492,132.565284,49,宇和島城
j385furu,01.jpeg,2020:11:11 16:03:55,33.08999,129.79189,,
j385furu,01.jpeg_original,2020:11:11 16:03:55,,,,
j385furu,02.jpeg,2023:04:04 17:01:10,34.16805,133.65556,,
j385furu,02.jpeg_original,2023:04:04 17:01:10,,,,
j385furu,03.jpeg,2023:05:18 21:51:27,35.70584,139.75185,,
j385furu,03.jpeg_original,2023:05:18 21:51:27,,,,
j385furu,04.jpeg,2023:09:26 21:47:20,33.5603,133.53606,,
j385furu,04.jpeg_original,2023:09:26 21:47:20,,,,
j385furu,05.jpeg,2024:02:26 15:49:57,34.69391,135.49708,,
j385furu,05.jpeg_original,2024:02:26 15:49:57,,,,
j385furu,06.jpeg,2024:03:26 12:45:29,34.41386,133.20419,,
j385furu,06.jpeg_original,2024:03:26 12:45:29,,,,
j385furu,07.jpeg,2024:05:21 08:26:13,35.45923,139.63685,,
j385furu,07.jpeg_original,2024:05:21 08:26:13,,,,
j385furu,08.jpeg,2024:05:21 15:32:55,35.51253,139.62012,,
j385furu,08.jpeg_original,2024:05:21 15:32:55,,,,
j385furu,09.jpeg,2024:05:21 17:50:54,35.51253,139.62012,,
j385furu,09.jpeg_original,2024:05:21 17:50:54,,,,
j385furu,10.jpeg,,35.51024,139.6146,,
j385furu,10.jpeg_original,,,,,
j385furu,11.jpeg,,34.2785,132.31968,,
j385furu,11.jpeg_original,,,,,
j385furu,12.jpeg,,34.95904,137.16744,,
j385furu,12.jpeg_original,,,,,
j392maen,S__41295893_0.jpg,,33.84027,132.7698,,一風堂のラーメン
j392maen,S__41295893_0.jpg_original,,,,,
j392maen,S__41295895_0.jpg,,33.83914,132.77153,,鳥よしの鳥刺し
j392maen,S__41295895_0.jpg_original,,,,,
j392maen,S__41295896_0.jpg,,33.65529,132.58938,,下灘駅の看板
j392maen,S__41295896_0.jpg_original,,,,,
j392maen,S__41295897_0.jpg,,33.84073,132.7681,,ボルガノのハンバーグランチ
j392maen,S__41295897_0.jpg_original,,,,,
j392maen,S__41295898_0.jpg,,33.07747,131.14242,,熊本県いこい旅館の夜食
j392maen,S__41295898_0.jpg_original,,,,,
j392maen,S__41295899_0.jpg,,32.81641,131.0414,,お宿でん吉のバーベキュー
j392maen,S__41295899_0.jpg_original,,,,,
j392maen,S__41295900_0.jpg,,33.84149,132.77056,,とんとんのとんかつ
j392maen,S__41295900_0.jpg_original,,,,,
j392maen,S__41295901_0.jpg,,33.76484,132.79188,,とべ動物園のヤギ
j392maen,S__41295901_0.jpg_original,,,,,
j392maen,S__41295902_0.jpg,,33.55472,133.56491,,桂浜で食べたお菓子
j392maen,S__41295902_0.jpg_original,,,,,
j392maen,S__41345026.jpg,,35.69067,139.75469,,東京国立近代美術館の大竹伸郎展
j392maen,S__41345026.jpg_original,,,,,
j405mats,BBQ.jpg,,33.91789,132.8122,,
j405mats,BBQ.jpg_original,,,,,
j405mats,BEKOBE.jpg,,34.63043,135.42522,,
j405mats,BEKOBE.jpg_original,,,,,
j405mats,Google.jpg,,37.38804,122.08281,,
j405mats,Google.jpg_original,,,,,
j405mats,イヴ.jpg,,34.87958,135.70055,,
j405mats,イヴ.jpg_original,,,,,
j405mats,ラコステ.jpg,,34.70306,135.49889,,
j405mats,ラコステ.jpg_original,,,,,
j405mats,リオ.jpg,,35.0135,135.55081,,
j405mats,リオ.jpg_original,,,,,
j405mats,二条城.jpg,,35.01439,135.74783,,
j405mats,二条城.jpg_original,,,,,
j405mats,道後温泉.JPG,,33.85315,132.7856,,
j405mats,道後温泉.JPG_original,,,,,
j405mats,野良猫.jpg,,33.83512,132.76277,,
j405mats,野良猫.jpg_original,,,,,
j405mats,長岡天満宮.jpg,,34.92301,135.68716,,
j405mats,長岡天満宮.jpg_original,,,,,
j405mats,鰻.jpg,,34.99031,135.69365,,
j405mats,鰻.jpg_original,,,,,
j406mats,S__16089096_0.jpg,,,,,
j406mats,S__16089098_0.jpg,,,,,
j406mats,S__16089099_0.jpg,,,,,
j406mats,S__16089100_0.jpg,,,,,
j406mats,S__16089101_0.jpg,,,,,
j406mats,S__16089102_0.jpg,,,,,
j406mats,S__16089103_0.jpg,,,,,
j407mats,dinner.jpg,2023:08:30 18:31:06,33.22211,132.5671,,
j407mats,dinner.jpg_original,2023:08:30 18:31:06,,,,
j407mats,kushima.jpg,2023:08:14 15:08:06,33.226091,132.532655,,
j407mats,kushima.jpg_original,2023:08:14 15:08:06,,,,
j407mats,plane.jpg,2022:12:20 17:26:08,33.828196,132.707008,0,
j407mats,plane.jpg_original,2022:12:20 17:26:08,0,0,0,
j407mats,relay.jpg,2022:06:04 12:18:47,33.767906,132.7977009999,,
j407mats,relay.jpg_original,2022:06:04 12:18:47,0,0,,
j431miyo,AEL駐輪場.jpeg,,33.84088,132.77081,,2時間無料
j431miyo,セミ.jpg,,33.84541,132.77078,,はじめて幼虫の状態で動いてるセミ見た
j431miyo,ラーメン.jpg,,33.83895,132.76997,,脂めっちゃ乗ってて美味しかった
j431miyo,亀老山展望公園.jpeg,,34.11996,133.03347,,いい景色
j431miyo,伊予鉄ビル.jpeg,,33.83555,132.76374,,2.5時間無料
j431miyo,大街道イルミ.jpeg,,33.841037000074,132.770169,,超紫
j431miyo,海鮮丼.jpeg,,34.09272,132.98973,,伊豫水軍の海鮮丼美味しかった
j431miyo,猫カフェ.jpg,,33.83709,132.77017,,初めて行った猫カフェで膝に乗ってくれた白猫
j431miyo,福山城.jpeg,,34.491044,133.361393,,なんかの企業とコラボしてた時の。とてもきれい
j431miyo,錦帯橋.jpeg,,34.166992,132.178804,,綺麗な橋と川
j439mura,ノエビアスタジアム.jpg,,34.656810899974,135.167048,,ノエビアスタジアム
j439mura,ノエビアスタジアム.jpg_original,,,,,
j439mura,ベルーナドーム.jpg,,35.769015399994,139.41761630001,,ベルーナドーム
j439mura,ベルーナドーム.jpg_original,,,,,
j439mura,京都タワー.jpg,,34.987589200013,135.75676489999,,京都タワー
j439mura,京都タワー.jpg_original,,,,,
j439mura,千光寺.jpg,,34.410995757982,133.19727678856,,千光寺
j439mura,千光寺.jpg_original,,,,,
j439mura,四国水族館.jpg,2020:10:14 17:37:43,34.312654699901,133.8054027,,四国水族館
j439mura,四国水族館.jpg_original,2020:10:14 17:37:43,,,,
j439mura,天空の鳥居.jpg,,34.160394199993,133.65226739999,,天空の鳥居
j439mura,天空の鳥居.jpg_original,,,,,
j439mura,東京スカイツリー.jpg,,35.710062700007,139.8081255,,東京スカイツリー
j439mura,東京スカイツリー.jpg_original,,35.710062700007,139.8081255,,
j439mura,東京タワー.jpg_original,,,,,
j439mura,桂浜.jpg,,33.497602099868,124.34661950003,,桂浜
j439mura,桂浜.jpg_original,,,,,
j439mura,父母ヶ浜.jpg,,34.189388600039,133.63026629999,,父母ヶ浜
j439mura,父母ヶ浜.jpg_original,,,,,
j439mura,鞆の浦.jpg,2023:08:28 16:33:54,34.382681134557,133.38090572571,,鞆の浦
j439mura,鞆の浦.jpg_original,2023:08:28 16:33:54,,,,
j445mori,morning.jpg,,34.7331,135.5002,,モーニング
j445mori,morning.jpg_original,,,,,
j445mori,osaka.jpg,,34.732976,135.49489610002,,新大阪の夜景
j445mori,osaka.jpg_original,,,,,
j445mori,ramen.jpg,,34.701242,135.496745,,ラーメン
j445mori,ramen.jpg_original,,,,,
j445mori,sea1.jpg,,34.04,133,,海
j445mori,sea1.jpg_original,,,,,
j445mori,sea2.jpg,,34.04,133,,海
j445mori,sea2.jpg_original,,,,,
j445mori,sea3.jpg,,34.04,133,,海
j445mori,sea3.jpg_original,,,,,
j445mori,sioramen.jpg,,35.695863,139.78543,,塩ラーメン
j445mori,sioramen.jpg_original,,,,,
j445mori,tokyodome.jpg,,35.7056232,139.751919,,東京ドーム
j445mori,tokyodome.jpg_original,,,,,
j445mori,touyokou.jpg,,33.929872400109,133.11830439999,,東予港
j445mori,touyokou.jpg_original,,,,,
j445mori,zinzya.jpg,,34.248098689991,133.0061088,,神社
j445mori,zinzya.jpg_original,,,,,
j487yoko,すみれ.jpg,,33.842733428708,132.76893853834,,
j487yoko,そば吉.jpg,,33.846587549448,132.77457958601,,
j487yoko,元匠.jpg,,34.251636330175,134.31712031287,,
j487yoko,大鳴門橋遊歩道 渦の道.jpg,,34.236311889819,134.64203533929,,
j487yoko,大黒屋.jpg,,33.852369448764,132.78071499223,,
j487yoko,瀬戸大橋記念公園.jpg,,34.35164220207,133.82646746634,,
j487yoko,目利きの銀次.jpg,,33.838919925136,132.77031555096,,
j487yoko,道の駅しおのえ.jpg,,34.170022104266,134.08204936564,,
j487yoko,銭形展望台.jpg,,34.134003523216,133.6455685799,,
j487yoko,鍋焼きうどん.jpg,,34.233288296458,134.01914834363,,
j488yoko,beppu.jpg,,33.313156886469,131.46937107085,,別府温泉
j488yoko,ehime_fc.jpg,,33.768267085743,132.79758453371,,愛媛FCの試合
j488yoko,hikoki.jpg,,33.82892730635,132.70206505653,,松山空港
j488yoko,jinja.jpg,,33.414208174677,133.36857302114,,じんじゃ
j488yoko,kamakiri.jpg,,33.848221897652,132.78608692836,,湯築城
j488yoko,koi.jpg,,33.843339245322,132.89913164666,,こいのぼり
j488yoko,onsen.jpg,,33.63463083135,133.48526000977,,オーベルジュ土佐山
j488yoko,sakura.jpg,,33.626989975999,133.2998202181,,桜
j488yoko,touring.jpg,,33.643098600632,133.32806110371,,バイクツーリング
j488yoko,umi.jpg,,34.033187906927,132.83153078955,,バイクツーリング
j496yone,img00001.jpg,2022:12:08 00:05:42,33.865105326152,132.78571353747,220,道後平ニュータウン パノラマパーク
j496yone,img00002.jpg,2022:12:09 07:30:25,33.848558833292,132.78665952213,54,道後公園展望台
j496yone,img00003.jpg,2023:03:26 21:40:01,34.682570340502,135.83020693747,92,南円堂
j496yone,img00004.jpg,2023:03:27 12:11:28,34.976497252933,135.77375889134,59,東福寺
j496yone,img00005.jpg,2023:03:27 13:30:01,34.986156830323,135.75892299393,38,京都駅
j496yone,img00006.jpg,2023:03:28 06:15:50,34.681837358057,135.18790416823,3,メリケンパーク
j496yone,img00007.jpg,2024:01:06 17:04:47,35.433933864949,132.62953177197,25,出雲日御碕灯台
j496yone,img00008.jpg,2022:05:08 05:25:26,33.698199960482,132.79071651507,433,銚子ダム
j496yone,img00009.jpg,2022:08:24 08:06:50,35.165090063803,136.88799886214,5,名古屋四季劇場
j496yone,img00010.jpg,2022:08:24 13:35:34,35.184881602534,136.89969902408,19,名古屋城
j496yone,img00011.jpg,2022:09:07 12:44:04,34.342313403957,134.0499862798,14,丸亀グリーン
j496yone,img00012.jpg,2022:11:24 06:21:42,33.850706778589,132.7851938016,43,道後温泉駅目前広場
j499wata,JFE.jpeg,,34.4812,133.43529,,福山市の製鉄会社　製鉄のシェア日本一
j499wata,JFE.jpeg_original,,,,,
j499wata,konnpirasann.jpeg,,33.86381,132.77174,,四国お遍路の一つ
j499wata,konnpirasann.jpeg_original,,,,,
j499wata,okayamastation.jpeg,,34.66631,133.91829,,桃太郎の像がある
j499wata,okayamastation.jpeg_original,,,,,
j499wata,outlet.jpeg,,34.60367,133.76151,,倉敷にある
j499wata,outlet.jpeg_original,,,,,
j499wata,papaydome.jpeg,,33.59568,130.36197,,ソフトバンクホークスのホーム
j499wata,papaydome.jpeg_original,,,,,
j499wata,sakamotoryouma.jpeg,,33.53066,133.58198,,桂浜にある
j499wata,sakamotoryouma.jpeg_original,,,,,
j499wata,sannsutehukuyama.jpeg,,34.60367,133.76151,,福山駅の中にある
j499wata,sannsutehukuyama.jpeg_original,,,,,
j499wata,sennsouji.jpeg,,35.71478,139.79666,,浅草のシンボル
j499wata,sennsouji.jpeg_original,,,,,
j499wata,tokyodome.jpeg,,35.70543,139.75208,,野球やライブなどで使われる
j499wata,tokyodome.jpeg_original,,,,,
j499wata,tyuraumi.jpeg,,26.69444,127.87798,,ジンベエザメが数匹泳いでいる
j499wata,tyuraumi.jpeg_original,,,,,
j500wata,dougo.jpg,,33.8521,132.78672,, 道後温泉の足湯
j500wata,kirousan.jpg,,34.120636431504,133.03350706357,, 亀老山展望公園
j500wata,kitano.jpg,,35.04546,135.73287,, 北野天満宮
j500wata,koube.jpg,,34.75331,135.237,, 神戸の夜景
j500wata,matinami.jpg,,33.84109,132.76489,, 松山の早朝の街並み
j500wata,ropeway.jpg,,33.84291,132.77076,, 夜のロープウェイ街
j500wata,sougou.jpg,,33.84468,132.74105,, 総合公園からの景色
j500wata,tsuutenkaku.jpg,,34.65335,135.50613,, 通天閣
j500wata,yokohama.jpg,,35.45841,139.63688,, 横浜の有名なホテル
j500wata,yokokoku.jpg,,35.47412,139.59075,, 横浜国立大学
j511take,photo1.jpg,2024:05:04 12:11:50,33.762308333333,132.79266944444,,とべ動物園のホワイトタイガー
j511take,photo2.jpg,2024:04:09 15:07:10,33.845497000115,132.76561,,松山城のよしあきくん
j511take,photo2.jpg_original,2024:04:09 15:07:10,,,,
j514nin,P40401-185327.jpg,2024:04:01 18:53:27,34.662397222222,133.91286111111,,
j514nin,P40401-185436.jpg,2024:04:01 18:54:36,34.662397222222,133.91286111111,,
j514nin,P40401-190915.jpg,2024:04:01 19:09:15,34.662397222222,133.91286111111,,
kuroda,函館市/PXL_20240228_013821541.jpg,2024:02:28 10:38:21,41.796130555556,140.75921944444,49.3,五稜郭
kuroda,函館市/PXL_20240228_041610285.jpg,2024:02:28 13:16:10,41.840736111111,140.76659166667,168.19,公立はこだて未来大学
kuroda,函館市/PXL_20240229_050857178.jpg,2024:02:29 14:08:57,41.787180555556,140.82069166667,83.59,天使の聖母トラピスチヌ修道院
kuroda,西予市/PXL_20221118_060624105.MP.jpg,2022:11:18 15:06:24,33.335405555556,132.52716944444,264,法華津峠の看板
kuroda,西予市/PXL_20221118_061431159.MP.jpg,2022:11:18 15:14:31,33.335361111111,132.52689722222,264,法華津峠
kuroda,八幡浜市/PXL_20221119_045942025.jpg,2022:11:19 13:59:42,33.495333333333,132.38208055556,245.48,大峠隧道
kuroda,八幡浜市/PXL_20221119_050318267.MP.jpg,2022:11:19 14:03:18,33.494741666667,132.38343888889,245.4,大峠隧道
kuroda,松山市/DSC_0005.JPG,2019:05:03 16:41:35,33.934166666667,132.84555555556,957,大月山展望台(少し不便な場所にあるので人がいない)
kuroda,横浜市/PXL_20240314_091153213.jpg,2024:03:14 18:11:53,35.459336111111,139.63398333333,191,横浜ランドマークタワーからの景色
kuroda,横浜市/PXL_20240315_092420315.jpg,2024:03:15 18:24:20,35.455347222222,139.63684444444,72.8,よこはまコスモワールドの観覧車からの景色
kuroda,横浜市/PXL_20240315_113735678.jpg,2024:03:15 20:37:35,35.4528,139.63870555556,41.2,アパホテル＆リゾート（横浜ベイタワー）近くの万国橋からの景色
kuroda,横浜市/PXL_20240317_083020163.jpg,2024:03:17 17:30:20,35.451513888889,139.63603055556,199.69,ザ・タワー横浜北沖の46階展望台（ここは無料だよ）からの景色
kuroda,愛南町/PXL_20201201_032543527.jpg,2020:12:01 12:25:43,32.9502,132.549225,172.6,宇和海展望タワー
kuroda,愛南町/PXL_20201201_033823388.jpg,2020:12:01 12:38:23,32.9502,132.549225,172.6,紫電改展示館（入館無料）
kuroda,宇和島市/PXL_20211014_070733184.jpg,2021:10:14 16:07:33,33.182108333333,132.42853055556,38.67,蒋渕の生簀に設置した海水温観測装置
kuroda,宇和島市/PXL_20221118_074617787.jpg,2022:11:18 16:46:17,33.22735,132.53327777778,46,九島（バイクなら一周できます）
kuroda,伊方/PXL_20210730_051213305.jpg,2021:07:30 14:12:13,33.4761,132.35436666667,37.52,
kuroda,伊方/PXL_20210730_053227398.MP.jpg,2021:07:30 14:32:27,33.476133333333,132.35434166667,30.07,
kuroda,伊方/PXL_20210730_053232460.jpg,2021:07:30 14:32:32,33.476133333333,132.35434166667,30.07,
kuroda,伊方/PXL_20210730_053357862.MP.jpg,2021:07:30 14:33:57,33.476116666667,132.35438611111,32.53,
kuroda,伊方/PXL_20210730_053405799.MP.jpg,2021:07:30 14:34:05,33.476116666667,132.35438611111,32.53,
kuroda,伊方/PXL_20210730_053408907.jpg,2021:07:30 14:34:08,33.476116666667,132.35438611111,32.53,
kuroda,伊方/PXL_20210730_053412193.jpg,2021:07:30 14:34:12,33.476116666667,132.35438611111,32.53,
kuroda,伊方/PXL_20210730_053415465.jpg,2021:07:30 14:34:15,33.476116666667,132.35438611111,32.53,
kuroda,今治市/IMG_20190929_132142.jpg,2019:09:29 13:21:42,34.192655555556,132.86217777778,72.13,愛媛県と広島県の県境
kuroda,今治市/IMG_20190929_133227.jpg,2019:09:29 13:32:27,34.184738888889,132.88436388889,24.4,岡村島港
kuroda,今治市/IMG_20190929_133614.jpg,2019:09:29 13:36:14,34.179975,132.87892222222,160.98,ナガタニ展望台
kuroda,今治市/IMG_20200919_144109.jpg,2020:09:19 14:41:09,34.124533333333,132.94454722222,168.67,塔の峰展望台
kuroda,今治市/IMG_20200919_144242.jpg,2020:09:19 14:42:42,34.124591666667,132.94455833333,151.13,塔の峰展望台
kuroda,今治市/IMG_20200919_150537.jpg,2020:09:19 15:05:37,34.140447222222,132.94134722222,61.87,大角海浜公園展望台
kuroda,今治市/IMG_20200919_152708.jpg,2020:09:19 15:27:08,34.106894444444,132.95371111111,185,海山城展望公園
kuroda,今治市/PXL_20200927_072240728.jpg,2020:09:27 16:22:40,34.115036111111,132.89662222222,50.15,七五三ヶ浦
kuroda,沖縄県/PXL_20240702_060408797.jpg,2024:07:02 15:04:08,26.392816666667,127.80541666667,108.92,倉敷ダムにある展望タワー(無料なのに展望室は冷暖房完備)
kuroda,沖縄県/PXL_20240703_082600246.jpg,2024:07:03 17:26:00,26.504269444444,127.85058611111,49.8,万座毛岬(100円)
kuroda,沖縄県/PXL_20240704_065431529.jpg,2024:07:04 15:54:31,26.440688888889,127.71378611111,46.8,残波岬灯台(99段の階段を上がると絶景が広がる)
kuroda,沖縄県/PXL_20240705_070140132.jpg,2024:07:05 16:01:40,26.7006,128.02423055556,89.5,古宇利オーシャンタワーから見た古宇利大橋(通行無料。全長1
kuroda,沖縄県/PXL_20240705_073349005.jpg,2024:07:05 16:33:49,26.713613888889,128.01488055556,55.9,ハートロック(古宇利島の絶景スポット)
kuroda,沖縄県/PXL_20240706_004530902.jpg,2024:07:06 09:45:30,26.469494444444,127.83441944444,59.4,沖縄科学技術大学院大学
kuroda,沖縄県/PXL_20240706_011028121.jpg,2024:07:06 10:10:28,26.421477777778,127.78836388889,200.19,石川高原展望台(標高200mからのパノラマビューで東シナ海と太平洋の両方が見られる)
kuroda,沖縄県/PXL_20240706_015255377.jpg,2024:07:06 10:52:55,26.334388888889,127.74576666667,38.8,砂辺馬場公園の展望台
kuroda,沖縄県/PXL_20240706_042335928.jpg,2024:07:06 13:23:35,26.293727777778,127.95899444444,394.61,うるま市上空
kuroda,沖縄県/PXL_20240706_042645942.jpg,2024:07:06 13:26:45,26.293727777778,127.95899444444,394.61,古宇利島
kuroda,沖縄県/PXL_20240706_042740994.jpg,2024:07:06 13:27:40,26.293727777778,127.95899444444,394.61,沖縄本島北部
kuroda,沖縄県/PXL_20240706_043009885.jpg,2024:07:06 13:30:09,26.299744444444,127.96613055556,1393.24,与論島
kuroda,沖縄県/PXL_20240706_043311408.jpg,2024:07:06 13:33:11,27.033263888889,128.72525555556,10695.48,沖永良部島
kuroda,大洲市/PXL_20210205_054036345.jpg,2021:02:05 14:40:36,33.509727777778,132.55933333333,289.99,富士山公園頂上展望台からの眺め
kuroda,大洲市/PXL_20221119_055116801.jpg,2022:11:19 14:51:16,33.611730555556,132.48694722222,42.3,肱川あらし展望公園からの長浜大橋
